,Location_id,Date_reported,StateProvince,Country,Confirmed,Deaths,Recovered
0,1.0,01/22/2020,Anhui,China,1.0,0.0,0.0
1,2.0,01/22/2020,Beijing,China,14.0,0.0,0.0
2,3.0,01/22/2020,Chongqing,China,6.0,0.0,0.0
3,4.0,01/22/2020,Fujian,China,1.0,0.0,0.0
4,5.0,01/22/2020,Gansu,China,0.0,0.0,0.0
5,6.0,01/22/2020,Guangdong,China,26.0,0.0,0.0
6,7.0,01/22/2020,Guangxi,China,2.0,0.0,0.0
7,8.0,01/22/2020,Guizhou,China,1.0,0.0,0.0
8,9.0,01/22/2020,Hainan,China,4.0,0.0,0.0
9,10.0,01/22/2020,Hebei,China,1.0,0.0,0.0
10,11.0,01/22/2020,Heilongjiang,China,0.0,0.0,0.0
11,12.0,01/22/2020,Henan,China,5.0,0.0,0.0
12,40.0,01/22/2020,Hong Kong,China,0.0,0.0,0.0
13,13.0,01/22/2020,Hubei,China,444.0,0.0,0.0
14,14.0,01/22/2020,Hunan,China,4.0,0.0,0.0
15,15.0,01/22/2020,Inner Mongolia,China,0.0,0.0,0.0
16,16.0,01/22/2020,Jiangsu,China,1.0,0.0,0.0
17,17.0,01/22/2020,Jiangxi,China,2.0,0.0,0.0
18,18.0,01/22/2020,Jilin,China,0.0,0.0,0.0
19,19.0,01/22/2020,Liaoning,China,2.0,0.0,0.0
20,39.0,01/22/2020,Macau,China,1.0,0.0,0.0
21,20.0,01/22/2020,Ningxia,China,1.0,0.0,0.0
22,21.0,01/22/2020,Qinghai,China,0.0,0.0,0.0
23,22.0,01/22/2020,Shaanxi,China,0.0,0.0,0.0
24,23.0,01/22/2020,Shandong,China,2.0,0.0,0.0
25,24.0,01/22/2020,Shanghai,China,9.0,0.0,0.0
26,25.0,01/22/2020,Shanxi,China,1.0,0.0,0.0
27,26.0,01/22/2020,Sichuan,China,5.0,0.0,0.0
28,,01/22/2020,Taiwan,China,1.0,0.0,0.0
29,27.0,01/22/2020,Tianjin,China,4.0,0.0,0.0
30,28.0,01/22/2020,Tibet,China,0.0,0.0,0.0
31,36.0,01/22/2020,"Seattle, WA",US,1.0,0.0,0.0
32,29.0,01/22/2020,Xinjiang,China,0.0,0.0,0.0
33,30.0,01/22/2020,Yunnan,China,1.0,0.0,0.0
34,31.0,01/22/2020,Zhejiang,China,10.0,0.0,0.0
35,33.0,01/22/2020,,Japan,2.0,0.0,0.0
36,32.0,01/22/2020,,Thailand,2.0,0.0,0.0
37,34.0,01/22/2020,,South Korea,1.0,0.0,0.0
38,1.0,01/23/2020,Anhui,China,9.0,0.0,0.0
39,2.0,01/23/2020,Beijing,China,22.0,0.0,0.0
40,3.0,01/23/2020,Chongqing,China,9.0,0.0,0.0
41,4.0,01/23/2020,Fujian,China,5.0,0.0,0.0
42,5.0,01/23/2020,Gansu,China,2.0,0.0,0.0
43,6.0,01/23/2020,Guangdong,China,32.0,0.0,2.0
44,7.0,01/23/2020,Guangxi,China,5.0,0.0,0.0
45,8.0,01/23/2020,Guizhou,China,3.0,0.0,0.0
46,9.0,01/23/2020,Hainan,China,5.0,0.0,0.0
47,10.0,01/23/2020,Hebei,China,1.0,1.0,0.0
48,11.0,01/23/2020,Heilongjiang,China,2.0,0.0,0.0
49,12.0,01/23/2020,Henan,China,5.0,0.0,0.0
50,40.0,01/23/2020,Hong Kong,China,2.0,0.0,0.0
51,13.0,01/23/2020,Hubei,China,444.0,17.0,28.0
52,14.0,01/23/2020,Hunan,China,9.0,0.0,0.0
53,15.0,01/23/2020,Inner Mongolia,China,0.0,0.0,0.0
54,16.0,01/23/2020,Jiangsu,China,5.0,0.0,0.0
55,17.0,01/23/2020,Jiangxi,China,7.0,0.0,0.0
56,18.0,01/23/2020,Jilin,China,1.0,0.0,0.0
57,19.0,01/23/2020,Liaoning,China,3.0,0.0,0.0
58,39.0,01/23/2020,Macau,China,2.0,0.0,0.0
59,20.0,01/23/2020,Ningxia,China,1.0,0.0,0.0
60,21.0,01/23/2020,Qinghai,China,0.0,0.0,0.0
61,22.0,01/23/2020,Shaanxi,China,3.0,0.0,0.0
62,23.0,01/23/2020,Shandong,China,6.0,0.0,0.0
63,24.0,01/23/2020,Shanghai,China,16.0,0.0,0.0
64,25.0,01/23/2020,Shanxi,China,1.0,0.0,0.0
65,26.0,01/23/2020,Sichuan,China,8.0,0.0,0.0
66,35.0,01/23/2020,Taiwan,Taiwan,1.0,0.0,0.0
67,27.0,01/23/2020,Tianjin,China,4.0,0.0,0.0
68,28.0,01/23/2020,Tibet,China,0.0,0.0,0.0
69,36.0,01/23/2020,"Seattle, WA",US,1.0,0.0,0.0
70,29.0,01/23/2020,Xinjiang,China,2.0,0.0,0.0
71,30.0,01/23/2020,Yunnan,China,2.0,0.0,0.0
72,31.0,01/23/2020,Zhejiang,China,27.0,0.0,0.0
73,33.0,01/23/2020,,Japan,1.0,0.0,0.0
74,32.0,01/23/2020,,Thailand,3.0,0.0,0.0
75,34.0,01/23/2020,,South Korea,1.0,0.0,0.0
76,41.0,01/23/2020,,Singapore,1.0,0.0,0.0
77,58.0,01/23/2020,,Philippines,0.0,0.0,0.0
78,45.0,01/23/2020,,Malaysia,0.0,0.0,0.0
79,42.0,01/23/2020,,Vietnam,2.0,0.0,0.0
80,,01/23/2020,,Australia,0.0,0.0,0.0
81,,01/23/2020,,Mexico,0.0,0.0,0.0
82,,01/23/2020,,Brazil,0.0,0.0,0.0
83,13.0,01/24/2020,Hubei,China,549.0,24.0,31.0
84,6.0,01/24/2020,Guangdong,China,53.0,0.0,2.0
85,31.0,01/24/2020,Zhejiang,China,43.0,0.0,1.0
86,2.0,01/24/2020,Beijing,China,36.0,0.0,1.0
87,3.0,01/24/2020,Chongqing,China,27.0,0.0,0.0
88,14.0,01/24/2020,Hunan,China,24.0,0.0,0.0
89,7.0,01/24/2020,Guangxi,China,23.0,0.0,0.0
90,24.0,01/24/2020,Shanghai,China,20.0,0.0,1.0
91,17.0,01/24/2020,Jiangxi,China,18.0,0.0,0.0
92,26.0,01/24/2020,Sichuan,China,15.0,0.0,0.0
93,23.0,01/24/2020,Shandong,China,15.0,0.0,0.0
94,1.0,01/24/2020,Anhui,China,15.0,0.0,0.0
95,4.0,01/24/2020,Fujian,China,10.0,0.0,0.0
96,12.0,01/24/2020,Henan,China,9.0,0.0,0.0
97,16.0,01/24/2020,Jiangsu,China,9.0,0.0,0.0
98,9.0,01/24/2020,Hainan,China,8.0,0.0,0.0
99,27.0,01/24/2020,Tianjin,China,8.0,0.0,0.0
100,30.0,01/24/2020,Yunnan,China,5.0,0.0,0.0
101,22.0,01/24/2020,Shaanxi,China,5.0,0.0,0.0
102,11.0,01/24/2020,Heilongjiang,China,4.0,1.0,0.0
103,19.0,01/24/2020,Liaoning,China,4.0,0.0,0.0
104,8.0,01/24/2020,Guizhou,China,3.0,0.0,0.0
105,18.0,01/24/2020,Jilin,China,3.0,0.0,0.0
106,35.0,01/24/2020,Taiwan,Taiwan,3.0,0.0,0.0
107,20.0,01/24/2020,Ningxia,China,2.0,0.0,0.0
108,40.0,01/24/2020,Hong Kong,China,2.0,0.0,0.0
109,39.0,01/24/2020,Macau,China,2.0,0.0,0.0
110,10.0,01/24/2020,Hebei,China,2.0,1.0,0.0
111,5.0,01/24/2020,Gansu,China,2.0,0.0,0.0
112,29.0,01/24/2020,Xinjiang,China,2.0,0.0,0.0
113,25.0,01/24/2020,Shanxi,China,1.0,0.0,0.0
114,15.0,01/24/2020,Inner Mongolia,China,1.0,0.0,0.0
115,21.0,01/24/2020,Qinghai,China,0.0,0.0,0.0
116,36.0,01/24/2020,"Seattle, WA",US,1.0,0.0,0.0
117,37.0,01/24/2020,"Chicago, IL",US,1.0,0.0,0.0
118,33.0,01/24/2020,,Japan,2.0,0.0,0.0
119,32.0,01/24/2020,,Thailand,5.0,0.0,0.0
120,34.0,01/24/2020,,South Korea,2.0,0.0,0.0
121,41.0,01/24/2020,,Singapore,3.0,0.0,0.0
122,42.0,01/24/2020,,Vietnam,2.0,0.0,0.0
123,43.0,01/24/2020,,France,2.0,0.0,0.0
124,13.0,01/25/2020,Hubei,China,1052.0,52.0,42.0
125,31.0,01/25/2020,Zhejiang,China,104.0,0.0,1.0
126,6.0,01/25/2020,Guangdong,China,98.0,0.0,2.0
127,12.0,01/25/2020,Henan,China,83.0,1.0,0.0
128,3.0,01/25/2020,Chongqing,China,75.0,0.0,0.0
129,14.0,01/25/2020,Hunan,China,69.0,0.0,0.0
130,1.0,01/25/2020,Anhui,China,60.0,0.0,0.0
131,2.0,01/25/2020,Beijing,China,51.0,0.0,2.0
132,26.0,01/25/2020,Sichuan,China,44.0,0.0,0.0
133,24.0,01/25/2020,Shanghai,China,40.0,1.0,1.0
134,23.0,01/25/2020,Shandong,China,39.0,0.0,0.0
135,17.0,01/25/2020,Jiangxi,China,36.0,0.0,0.0
136,7.0,01/25/2020,Guangxi,China,33.0,0.0,0.0
137,16.0,01/25/2020,Jiangsu,China,31.0,0.0,1.0
138,9.0,01/25/2020,Hainan,China,19.0,0.0,0.0
139,19.0,01/25/2020,Liaoning,China,19.0,0.0,0.0
140,4.0,01/25/2020,Fujian,China,18.0,1.0,0.0
141,11.0,01/25/2020,Heilongjiang,China,15.0,0.0,0.0
142,22.0,01/25/2020,Shaanxi,China,15.0,0.0,0.0
143,27.0,01/25/2020,Tianjin,China,13.0,0.0,0.0
144,10.0,01/25/2020,Hebei,China,13.0,1.0,0.0
145,30.0,01/25/2020,Yunnan,China,11.0,0.0,0.0
146,25.0,01/25/2020,Shanxi,China,9.0,0.0,0.0
147,15.0,01/25/2020,Inner Mongolia,China,7.0,0.0,0.0
148,5.0,01/25/2020,Gansu,China,7.0,0.0,0.0
149,8.0,01/25/2020,Guizhou,China,5.0,0.0,0.0
150,40.0,01/25/2020,Hong Kong,China,5.0,0.0,0.0
151,20.0,01/25/2020,Ningxia,China,4.0,0.0,0.0
152,18.0,01/25/2020,Jilin,China,4.0,0.0,0.0
153,29.0,01/25/2020,Xinjiang,China,4.0,0.0,0.0
154,35.0,01/25/2020,Taiwan,Taiwan,3.0,0.0,0.0
155,39.0,01/25/2020,Macau,China,2.0,0.0,0.0
156,21.0,01/25/2020,Qinghai,China,1.0,0.0,0.0
157,36.0,01/25/2020,"Seattle, WA",US,1.0,0.0,0.0
158,37.0,01/25/2020,"Chicago, IL",US,1.0,0.0,0.0
159,33.0,01/25/2020,,Japan,2.0,0.0,0.0
160,32.0,01/25/2020,,Thailand,7.0,0.0,0.0
161,34.0,01/25/2020,,South Korea,3.0,0.0,0.0
162,41.0,01/25/2020,,Singapore,3.0,0.0,0.0
163,42.0,01/25/2020,,Vietnam,2.0,0.0,0.0
164,43.0,01/25/2020,,France,3.0,0.0,0.0
165,,01/25/2020,,Australia,4.0,0.0,0.0
166,44.0,01/25/2020,,Nepal,1.0,0.0,0.0
167,45.0,01/25/2020,,Malaysia,3.0,0.0,0.0
168,13.0,01/26/2020,Hubei,China,1423.0,76.0,44.0
169,6.0,01/26/2020,Guangdong,China,146.0,0.0,2.0
170,31.0,01/26/2020,Zhejiang,China,128.0,0.0,1.0
171,12.0,01/26/2020,Henan,China,128.0,1.0,0.0
172,3.0,01/26/2020,Chongqing,China,110.0,0.0,0.0
173,14.0,01/26/2020,Hunan,China,100.0,0.0,0.0
174,1.0,01/26/2020,Anhui,China,70.0,0.0,0.0
175,26.0,01/26/2020,Sichuan,China,69.0,0.0,0.0
176,2.0,01/26/2020,Beijing,China,68.0,0.0,2.0
177,23.0,01/26/2020,Shandong,China,63.0,0.0,0.0
178,24.0,01/26/2020,Shanghai,China,53.0,1.0,1.0
179,17.0,01/26/2020,Jiangxi,China,48.0,0.0,0.0
180,16.0,01/26/2020,Jiangsu,China,47.0,0.0,1.0
181,7.0,01/26/2020,Guangxi,China,46.0,0.0,0.0
182,4.0,01/26/2020,Fujian,China,35.0,0.0,0.0
183,19.0,01/26/2020,Liaoning,China,23.0,0.0,0.0
184,9.0,01/26/2020,Hainan,China,22.0,0.0,0.0
185,22.0,01/26/2020,Shaanxi,China,22.0,0.0,0.0
186,11.0,01/26/2020,Heilongjiang,China,21.0,1.0,0.0
187,30.0,01/26/2020,Yunnan,China,19.0,0.0,0.0
188,10.0,01/26/2020,Hebei,China,18.0,1.0,0.0
189,27.0,01/26/2020,Tianjin,China,14.0,0.0,0.0
190,5.0,01/26/2020,Gansu,China,14.0,0.0,0.0
191,25.0,01/26/2020,Shanxi,China,13.0,0.0,0.0
192,15.0,01/26/2020,Inner Mongolia,China,11.0,0.0,0.0
193,40.0,01/26/2020,Hong Kong,China,8.0,0.0,0.0
194,8.0,01/26/2020,Guizhou,China,7.0,0.0,0.0
195,18.0,01/26/2020,Jilin,China,6.0,0.0,0.0
196,39.0,01/26/2020,Macau,China,6.0,0.0,0.0
197,29.0,01/26/2020,Xinjiang,China,5.0,0.0,0.0
198,20.0,01/26/2020,Ningxia,China,4.0,0.0,0.0
199,35.0,01/26/2020,Taiwan,Taiwan,4.0,0.0,0.0
200,21.0,01/26/2020,Qinghai,China,4.0,0.0,0.0
201,36.0,01/26/2020,"Seattle, WA",US,1.0,0.0,0.0
202,37.0,01/26/2020,"Chicago, IL",US,1.0,0.0,0.0
203,,01/26/2020,"Sacramento, CA",US,2.0,0.0,0.0
204,38.0,01/26/2020,"Tempe, AZ",US,1.0,0.0,0.0
205,33.0,01/26/2020,,Japan,4.0,0.0,1.0
206,32.0,01/26/2020,,Thailand,8.0,0.0,2.0
207,34.0,01/26/2020,,South Korea,3.0,0.0,0.0
208,41.0,01/26/2020,,Singapore,4.0,0.0,0.0
209,42.0,01/26/2020,,Vietnam,2.0,0.0,0.0
210,43.0,01/26/2020,,France,3.0,0.0,0.0
211,,01/26/2020,,Australia,4.0,0.0,0.0
212,44.0,01/26/2020,,Nepal,1.0,0.0,0.0
213,45.0,01/26/2020,,Malaysia,4.0,0.0,0.0
214,46.0,01/26/2020,"Toronto, ON",Canada,1.0,0.0,0.0
215,13.0,01/27/2020,Hubei,China,2714.0,100.0,47.0
216,31.0,01/27/2020,Zhejiang,China,173.0,0.0,1.0
217,12.0,01/27/2020,Henan,China,168.0,1.0,0.0
218,6.0,01/27/2020,Guangdong,China,151.0,0.0,4.0
219,3.0,01/27/2020,Chongqing,China,132.0,0.0,0.0
220,1.0,01/27/2020,Anhui,China,106.0,0.0,0.0
221,14.0,01/27/2020,Hunan,China,100.0,0.0,0.0
222,26.0,01/27/2020,Sichuan,China,90.0,0.0,0.0
223,23.0,01/27/2020,Shandong,China,87.0,1.0,0.0
224,2.0,01/27/2020,Beijing,China,80.0,1.0,2.0
225,17.0,01/27/2020,Jiangxi,China,72.0,0.0,2.0
226,16.0,01/27/2020,Jiangsu,China,70.0,0.0,1.0
227,24.0,01/27/2020,Shanghai,China,66.0,1.0,3.0
228,4.0,01/27/2020,Fujian,China,59.0,0.0,0.0
229,7.0,01/27/2020,Guangxi,China,51.0,0.0,0.0
230,22.0,01/27/2020,Shaanxi,China,35.0,0.0,0.0
231,9.0,01/27/2020,Hainan,China,33.0,1.0,0.0
232,10.0,01/27/2020,Hebei,China,33.0,1.0,0.0
233,11.0,01/27/2020,Heilongjiang,China,30.0,1.0,0.0
234,19.0,01/27/2020,Liaoning,China,27.0,0.0,0.0
235,30.0,01/27/2020,Yunnan,China,26.0,0.0,0.0
236,27.0,01/27/2020,Tianjin,China,23.0,0.0,0.0
237,25.0,01/27/2020,Shanxi,China,20.0,0.0,0.0
238,5.0,01/27/2020,Gansu,China,19.0,0.0,0.0
239,15.0,01/27/2020,Inner Mongolia,China,11.0,0.0,0.0
240,8.0,01/27/2020,Guizhou,China,9.0,0.0,0.0
241,40.0,01/27/2020,Hong Kong,China,8.0,0.0,0.0
242,20.0,01/27/2020,Ningxia,China,7.0,0.0,0.0
243,18.0,01/27/2020,Jilin,China,6.0,0.0,0.0
244,39.0,01/27/2020,Macau,China,6.0,0.0,0.0
245,21.0,01/27/2020,Qinghai,China,6.0,0.0,0.0
246,35.0,01/27/2020,Taiwan,Taiwan,5.0,0.0,0.0
247,29.0,01/27/2020,Xinjiang,China,5.0,0.0,0.0
248,36.0,01/27/2020,"Seattle, WA",US,1.0,0.0,0.0
249,37.0,01/27/2020,"Chicago, IL",US,1.0,0.0,0.0
250,,01/27/2020,"Sacramento, CA",US,2.0,0.0,0.0
251,38.0,01/27/2020,"Tempe, AZ",US,1.0,0.0,0.0
252,33.0,01/27/2020,,Japan,4.0,0.0,1.0
253,32.0,01/27/2020,,Thailand,8.0,0.0,2.0
254,34.0,01/27/2020,,South Korea,4.0,0.0,0.0
255,41.0,01/27/2020,,Singapore,5.0,0.0,0.0
256,42.0,01/27/2020,,Vietnam,2.0,0.0,0.0
257,43.0,01/27/2020,,France,3.0,0.0,0.0
258,44.0,01/27/2020,,Nepal,1.0,0.0,0.0
259,45.0,01/27/2020,,Malaysia,4.0,0.0,0.0
260,46.0,01/27/2020,"Toronto, ON",Canada,1.0,0.0,0.0
261,53.0,01/27/2020,,Cambodia,1.0,0.0,0.0
262,54.0,01/27/2020,,Sri Lanka,1.0,0.0,0.0
263,,01/27/2020,,Ivory Coast,0.0,0.0,0.0
264,50.0,01/27/2020,New South Wales,Australia,4.0,0.0,0.0
265,51.0,01/27/2020,"Victoria, BC",Australia,1.0,0.0,0.0
266,,01/27/2020,Bavaria,Germany,1.0,0.0,0.0
267,13.0,01/28/2020,Hubei,China,3554.0,125.0,80.0
268,31.0,01/28/2020,Zhejiang,China,296.0,0.0,3.0
269,6.0,01/28/2020,Guangdong,China,241.0,0.0,5.0
270,14.0,01/28/2020,Hunan,China,221.0,0.0,0.0
271,12.0,01/28/2020,Henan,China,206.0,2.0,1.0
272,1.0,01/28/2020,Anhui,China,152.0,0.0,0.0
273,3.0,01/28/2020,Chongqing,China,147.0,0.0,1.0
274,23.0,01/28/2020,Shandong,China,121.0,0.0,0.0
275,17.0,01/28/2020,Jiangxi,China,109.0,0.0,3.0
276,26.0,01/28/2020,Sichuan,China,108.0,0.0,0.0
277,16.0,01/28/2020,Jiangsu,China,99.0,0.0,1.0
278,2.0,01/28/2020,Beijing,China,91.0,1.0,4.0
279,4.0,01/28/2020,Fujian,China,82.0,0.0,0.0
280,24.0,01/28/2020,Shanghai,China,80.0,1.0,4.0
281,7.0,01/28/2020,Guangxi,China,58.0,0.0,2.0
282,22.0,01/28/2020,Shaanxi,China,56.0,0.0,0.0
283,10.0,01/28/2020,Hebei,China,48.0,1.0,0.0
284,30.0,01/28/2020,Yunnan,China,44.0,0.0,0.0
285,9.0,01/28/2020,Hainan,China,43.0,1.0,0.0
286,11.0,01/28/2020,Heilongjiang,China,37.0,1.0,0.0
287,19.0,01/28/2020,Liaoning,China,36.0,0.0,0.0
288,25.0,01/28/2020,Shanxi,China,27.0,0.0,0.0
289,27.0,01/28/2020,Tianjin,China,25.0,0.0,0.0
290,5.0,01/28/2020,Gansu,China,24.0,0.0,0.0
291,15.0,01/28/2020,Inner Mongolia,China,16.0,0.0,0.0
292,29.0,01/28/2020,Xinjiang,China,13.0,0.0,0.0
293,20.0,01/28/2020,Ningxia,China,12.0,0.0,0.0
294,8.0,01/28/2020,Guizhou,China,9.0,0.0,0.0
295,18.0,01/28/2020,Jilin,China,9.0,0.0,0.0
296,40.0,01/28/2020,Hong Kong,China,8.0,0.0,0.0
297,35.0,01/28/2020,Taiwan,Taiwan,8.0,0.0,0.0
298,39.0,01/28/2020,Macau,China,7.0,0.0,0.0
299,21.0,01/28/2020,Qinghai,China,6.0,0.0,0.0
300,36.0,01/28/2020,"Seattle, WA",US,1.0,0.0,0.0
301,37.0,01/28/2020,"Chicago, IL",US,1.0,0.0,0.0
302,,01/28/2020,"Sacramento, CA",US,2.0,0.0,0.0
303,38.0,01/28/2020,"Tempe, AZ",US,1.0,0.0,0.0
304,33.0,01/28/2020,,Japan,7.0,0.0,1.0
305,32.0,01/28/2020,,Thailand,14.0,0.0,5.0
306,34.0,01/28/2020,,South Korea,4.0,0.0,0.0
307,41.0,01/28/2020,,Singapore,7.0,0.0,0.0
308,42.0,01/28/2020,,Vietnam,2.0,0.0,0.0
309,43.0,01/28/2020,,France,4.0,0.0,0.0
310,44.0,01/28/2020,,Nepal,1.0,0.0,0.0
311,45.0,01/28/2020,,Malaysia,7.0,0.0,0.0
312,46.0,01/28/2020,"Toronto, ON",Canada,1.0,0.0,0.0
313,47.0,01/28/2020,British Columbia,Canada,1.0,0.0,0.0
314,53.0,01/28/2020,,Cambodia,1.0,0.0,0.0
315,54.0,01/28/2020,,Sri Lanka,1.0,0.0,0.0
316,50.0,01/28/2020,New South Wales,Australia,4.0,0.0,0.0
317,51.0,01/28/2020,"Victoria, BC",Australia,1.0,0.0,0.0
318,,01/28/2020,Bavaria,Germany,4.0,0.0,0.0
319,13.0,01/29/2020,Hubei,China,4586.0,162.0,90.0
320,31.0,01/29/2020,Zhejiang,China,428.0,0.0,4.0
321,6.0,01/29/2020,Guangdong,China,311.0,0.0,6.0
322,12.0,01/29/2020,Henan,China,278.0,2.0,2.0
323,14.0,01/29/2020,Hunan,China,277.0,0.0,0.0
324,1.0,01/29/2020,Anhui,China,200.0,0.0,2.0
325,3.0,01/29/2020,Chongqing,China,165.0,0.0,1.0
326,17.0,01/29/2020,Jiangxi,China,162.0,0.0,4.0
327,23.0,01/29/2020,Shandong,China,145.0,0.0,1.0
328,26.0,01/29/2020,Sichuan,China,142.0,1.0,1.0
329,16.0,01/29/2020,Jiangsu,China,129.0,0.0,1.0
330,2.0,01/29/2020,Beijing,China,111.0,1.0,4.0
331,24.0,01/29/2020,Shanghai,China,101.0,1.0,5.0
332,4.0,01/29/2020,Fujian,China,101.0,0.0,0.0
333,7.0,01/29/2020,Guangxi,China,78.0,0.0,2.0
334,10.0,01/29/2020,Hebei,China,65.0,1.0,0.0
335,22.0,01/29/2020,Shaanxi,China,56.0,0.0,0.0
336,30.0,01/29/2020,Yunnan,China,55.0,0.0,0.0
337,9.0,01/29/2020,Hainan,China,43.0,1.0,0.0
338,11.0,01/29/2020,Heilongjiang,China,43.0,1.0,0.0
339,19.0,01/29/2020,Liaoning,China,39.0,0.0,1.0
340,25.0,01/29/2020,Shanxi,China,35.0,0.0,1.0
341,27.0,01/29/2020,Tianjin,China,27.0,0.0,0.0
342,5.0,01/29/2020,Gansu,China,26.0,0.0,0.0
343,15.0,01/29/2020,Inner Mongolia,China,16.0,0.0,0.0
344,18.0,01/29/2020,Jilin,China,14.0,0.0,1.0
345,29.0,01/29/2020,Xinjiang,China,14.0,0.0,0.0
346,8.0,01/29/2020,Guizhou,China,12.0,0.0,1.0
347,20.0,01/29/2020,Ningxia,China,12.0,0.0,0.0
348,40.0,01/29/2020,Hong Kong,China,10.0,0.0,0.0
349,35.0,01/29/2020,Taiwan,Taiwan,8.0,0.0,0.0
350,39.0,01/29/2020,Macau,China,7.0,0.0,0.0
351,21.0,01/29/2020,Qinghai,China,6.0,0.0,0.0
352,28.0,01/29/2020,Tibet,China,1.0,0.0,0.0
353,36.0,01/29/2020,"Seattle, WA",US,1.0,0.0,0.0
354,37.0,01/29/2020,"Chicago, IL",US,1.0,0.0,0.0
355,,01/29/2020,"Sacramento, CA",US,2.0,0.0,0.0
356,38.0,01/29/2020,"Tempe, AZ",US,1.0,0.0,0.0
357,33.0,01/29/2020,,Japan,11.0,0.0,1.0
358,32.0,01/29/2020,,Thailand,14.0,0.0,5.0
359,34.0,01/29/2020,,South Korea,4.0,0.0,0.0
360,41.0,01/29/2020,,Singapore,10.0,0.0,0.0
361,42.0,01/29/2020,,Vietnam,2.0,0.0,0.0
362,43.0,01/29/2020,,France,5.0,0.0,0.0
363,44.0,01/29/2020,,Nepal,1.0,0.0,0.0
364,45.0,01/29/2020,,Malaysia,7.0,0.0,0.0
365,46.0,01/29/2020,"Toronto, ON",Canada,2.0,0.0,0.0
366,47.0,01/29/2020,British Columbia,Canada,1.0,0.0,0.0
367,53.0,01/29/2020,,Cambodia,1.0,0.0,0.0
368,54.0,01/29/2020,,Sri Lanka,1.0,0.0,0.0
369,50.0,01/29/2020,New South Wales,Australia,4.0,0.0,0.0
370,51.0,01/29/2020,"Victoria, BC",Australia,2.0,0.0,0.0
371,52.0,01/29/2020,Queensland,Australia,1.0,0.0,0.0
372,,01/29/2020,Bavaria,Germany,4.0,0.0,0.0
373,56.0,01/29/2020,,Finland,1.0,0.0,0.0
374,57.0,01/29/2020,,United Arab Emirates,4.0,0.0,0.0
375,13.0,01/30/2020,Hubei,China,5806.0,204.0,116.0
376,31.0,01/30/2020,Zhejiang,China,537.0,0.0,9.0
377,6.0,01/30/2020,Guangdong,China,393.0,0.0,11.0
378,12.0,01/30/2020,Henan,China,352.0,2.0,3.0
379,14.0,01/30/2020,Hunan,China,332.0,0.0,2.0
380,17.0,01/30/2020,Jiangxi,China,240.0,0.0,7.0
381,1.0,01/30/2020,Anhui,China,237.0,0.0,3.0
382,3.0,01/30/2020,Chongqing,China,206.0,0.0,1.0
383,23.0,01/30/2020,Shandong,China,178.0,0.0,2.0
384,26.0,01/30/2020,Sichuan,China,177.0,1.0,1.0
385,16.0,01/30/2020,Jiangsu,China,168.0,0.0,2.0
386,24.0,01/30/2020,Shanghai,China,128.0,1.0,9.0
387,2.0,01/30/2020,Beijing,China,121.0,1.0,5.0
388,4.0,01/30/2020,Fujian,China,101.0,0.0,0.0
389,7.0,01/30/2020,Guangxi,China,87.0,0.0,2.0
390,10.0,01/30/2020,Hebei,China,82.0,1.0,0.0
391,30.0,01/30/2020,Yunnan,China,76.0,0.0,0.0
392,22.0,01/30/2020,Shaanxi,China,87.0,0.0,0.0
393,11.0,01/30/2020,Heilongjiang,China,59.0,2.0,0.0
394,9.0,01/30/2020,Hainan,China,50.0,1.0,1.0
395,19.0,01/30/2020,Liaoning,China,45.0,0.0,1.0
396,25.0,01/30/2020,Shanxi,China,39.0,0.0,1.0
397,27.0,01/30/2020,Tianjin,China,32.0,0.0,0.0
398,5.0,01/30/2020,Gansu,China,29.0,0.0,0.0
399,20.0,01/30/2020,Ningxia,China,21.0,0.0,1.0
400,15.0,01/30/2020,Inner Mongolia,China,20.0,0.0,0.0
401,29.0,01/30/2020,Xinjiang,China,17.0,0.0,0.0
402,8.0,01/30/2020,Guizhou,China,15.0,0.0,1.0
403,18.0,01/30/2020,Jilin,China,14.0,0.0,1.0
404,40.0,01/30/2020,Hong Kong,China,12.0,0.0,0.0
405,35.0,01/30/2020,Taiwan,Taiwan,9.0,0.0,0.0
406,21.0,01/30/2020,Qinghai,China,8.0,0.0,0.0
407,39.0,01/30/2020,Macau,China,7.0,0.0,0.0
408,28.0,01/30/2020,Tibet,China,1.0,0.0,0.0
409,36.0,01/30/2020,"Seattle, WA",US,1.0,0.0,0.0
410,37.0,01/30/2020,"Chicago, IL",US,2.0,0.0,0.0
411,,01/30/2020,"Sacramento, CA",US,2.0,0.0,0.0
412,38.0,01/30/2020,"Tempe, AZ",US,1.0,0.0,0.0
413,33.0,01/30/2020,,Japan,11.0,0.0,1.0
414,32.0,01/30/2020,,Thailand,14.0,0.0,5.0
415,34.0,01/30/2020,,South Korea,6.0,0.0,0.0
416,41.0,01/30/2020,,Singapore,10.0,0.0,0.0
417,42.0,01/30/2020,,Vietnam,2.0,0.0,0.0
418,43.0,01/30/2020,,France,5.0,0.0,0.0
419,44.0,01/30/2020,,Nepal,1.0,0.0,0.0
420,45.0,01/30/2020,,Malaysia,8.0,0.0,0.0
421,46.0,01/30/2020,"Toronto, ON",Canada,2.0,0.0,0.0
422,47.0,01/30/2020,British Columbia,Canada,1.0,0.0,0.0
423,53.0,01/30/2020,,Cambodia,1.0,0.0,0.0
424,54.0,01/30/2020,,Sri Lanka,1.0,0.0,0.0
425,50.0,01/30/2020,New South Wales,Australia,4.0,0.0,2.0
426,51.0,01/30/2020,"Victoria, BC",Australia,2.0,0.0,0.0
427,52.0,01/30/2020,Queensland,Australia,3.0,0.0,0.0
428,,01/30/2020,Bavaria,Germany,4.0,0.0,0.0
429,56.0,01/30/2020,,Finland,1.0,0.0,0.0
430,57.0,01/30/2020,,United Arab Emirates,4.0,0.0,0.0
431,58.0,01/30/2020,,Philippines,1.0,0.0,0.0
432,59.0,01/30/2020,,India,1.0,0.0,0.0
433,61.0,01/30/2020,,Italy,2.0,0.0,0.0
434,13.0,01/31/2020,Hubei,China,7153.0,249.0,169.0
435,31.0,01/31/2020,Zhejiang,China,537.0,0.0,14.0
436,6.0,01/31/2020,Guangdong,China,436.0,0.0,10.0
437,12.0,01/31/2020,Henan,China,352.0,2.0,3.0
438,14.0,01/31/2020,Hunan,China,332.0,0.0,3.0
439,17.0,01/31/2020,Jiangxi,China,240.0,0.0,7.0
440,3.0,01/31/2020,Chongqing,China,238.0,1.0,1.0
441,1.0,01/31/2020,Anhui,China,237.0,0.0,3.0
442,23.0,01/31/2020,Shandong,China,184.0,0.0,2.0
443,26.0,01/31/2020,Sichuan,China,177.0,1.0,1.0
444,16.0,01/31/2020,Jiangsu,China,168.0,0.0,5.0
445,24.0,01/31/2020,Shanghai,China,153.0,1.0,9.0
446,2.0,01/31/2020,Beijing,China,139.0,1.0,5.0
447,4.0,01/31/2020,Fujian,China,120.0,0.0,0.0
448,10.0,01/31/2020,Hebei,China,96.0,1.0,0.0
449,7.0,01/31/2020,Guangxi,China,88.0,0.0,2.0
450,22.0,01/31/2020,Shaanxi,China,87.0,0.0,0.0
451,30.0,01/31/2020,Yunnan,China,83.0,0.0,1.0
452,19.0,01/31/2020,Liaoning,China,60.0,0.0,1.0
453,11.0,01/31/2020,Heilongjiang,China,59.0,2.0,0.0
454,9.0,01/31/2020,Hainan,China,58.0,1.0,1.0
455,25.0,01/31/2020,Shanxi,China,47.0,0.0,1.0
456,5.0,01/31/2020,Gansu,China,35.0,0.0,0.0
457,27.0,01/31/2020,Tianjin,China,32.0,0.0,0.0
458,8.0,01/31/2020,Guizhou,China,29.0,0.0,2.0
459,20.0,01/31/2020,Ningxia,China,21.0,0.0,1.0
460,15.0,01/31/2020,Inner Mongolia,China,20.0,0.0,0.0
461,29.0,01/31/2020,Xinjiang,China,17.0,0.0,0.0
462,18.0,01/31/2020,Jilin,China,14.0,0.0,1.0
463,40.0,01/31/2020,Hong Kong,China,13.0,0.0,0.0
464,35.0,01/31/2020,Taiwan,Taiwan,10.0,0.0,0.0
465,21.0,01/31/2020,Qinghai,China,8.0,0.0,0.0
466,39.0,01/31/2020,Macau,China,7.0,0.0,0.0
467,28.0,01/31/2020,Tibet,China,1.0,0.0,0.0
468,36.0,01/31/2020,"Seattle, WA",US,1.0,0.0,0.0
469,37.0,01/31/2020,"Chicago, IL",US,2.0,0.0,0.0
470,,01/31/2020,"Sacramento, CA",US,3.0,0.0,0.0
471,38.0,01/31/2020,"Tempe, AZ",US,1.0,0.0,0.0
472,33.0,01/31/2020,,Japan,17.0,0.0,1.0
473,32.0,01/31/2020,,Thailand,19.0,0.0,7.0
474,34.0,01/31/2020,,South Korea,11.0,0.0,0.0
475,41.0,01/31/2020,,Singapore,16.0,0.0,0.0
476,42.0,01/31/2020,,Vietnam,2.0,0.0,0.0
477,43.0,01/31/2020,,France,6.0,0.0,0.0
478,44.0,01/31/2020,,Nepal,1.0,0.0,0.0
479,45.0,01/31/2020,,Malaysia,8.0,0.0,0.0
480,46.0,01/31/2020,"Toronto, ON",Canada,2.0,0.0,0.0
481,47.0,01/31/2020,British Columbia,Canada,1.0,0.0,0.0
482,53.0,01/31/2020,,Cambodia,1.0,0.0,0.0
483,54.0,01/31/2020,,Sri Lanka,1.0,0.0,0.0
484,50.0,01/31/2020,New South Wales,Australia,4.0,0.0,2.0
485,51.0,01/31/2020,"Victoria, BC",Australia,2.0,0.0,0.0
486,52.0,01/31/2020,Queensland,Australia,3.0,0.0,0.0
487,,01/31/2020,Bavaria,Germany,7.0,0.0,0.0
488,56.0,01/31/2020,,Finland,1.0,0.0,0.0
489,57.0,01/31/2020,,United Arab Emirates,4.0,0.0,0.0
490,58.0,01/31/2020,,Philippines,1.0,0.0,0.0
491,59.0,01/31/2020,,India,1.0,0.0,0.0
492,61.0,01/31/2020,,Italy,2.0,0.0,0.0
493,64.0,01/31/2020,,Sweden,1.0,0.0,0.0
494,63.0,01/31/2020,,Russia,2.0,0.0,0.0
495,66.0,01/31/2020,,Spain,1.0,0.0,0.0
496,62.0,01/31/2020,,UK,2.0,0.0,0.0
497,13.0,02/01/2020,Hubei,China,9074.0,294.0,215.0
498,31.0,02/01/2020,Zhejiang,China,661.0,0.0,23.0
499,6.0,02/01/2020,Guangdong,China,604.0,0.0,14.0
500,12.0,02/01/2020,Henan,China,493.0,2.0,4.0
501,14.0,02/01/2020,Hunan,China,463.0,0.0,8.0
502,1.0,02/01/2020,Anhui,China,340.0,0.0,5.0
503,17.0,02/01/2020,Jiangxi,China,333.0,0.0,10.0
504,3.0,02/01/2020,Chongqing,China,262.0,1.0,3.0
505,16.0,02/01/2020,Jiangsu,China,236.0,0.0,6.0
506,26.0,02/01/2020,Sichuan,China,231.0,1.0,3.0
507,23.0,02/01/2020,Shandong,China,225.0,0.0,5.0
508,2.0,02/01/2020,Beijing,China,183.0,1.0,9.0
509,24.0,02/01/2020,Shanghai,China,177.0,1.0,10.0
510,4.0,02/01/2020,Fujian,China,159.0,0.0,0.0
511,22.0,02/01/2020,Shaanxi,China,116.0,0.0,0.0
512,7.0,02/01/2020,Guangxi,China,111.0,0.0,2.0
513,10.0,02/01/2020,Hebei,China,104.0,1.0,3.0
514,11.0,02/01/2020,Heilongjiang,China,95.0,2.0,2.0
515,30.0,02/01/2020,Yunnan,China,93.0,0.0,2.0
516,19.0,02/01/2020,Liaoning,China,64.0,0.0,1.0
517,9.0,02/01/2020,Hainan,China,63.0,1.0,1.0
518,25.0,02/01/2020,Shanxi,China,56.0,0.0,1.0
519,27.0,02/01/2020,Tianjin,China,45.0,0.0,0.0
520,5.0,02/01/2020,Gansu,China,40.0,0.0,0.0
521,8.0,02/01/2020,Guizhou,China,38.0,0.0,2.0
522,20.0,02/01/2020,Ningxia,China,28.0,0.0,0.0
523,15.0,02/01/2020,Inner Mongolia,China,27.0,0.0,1.0
524,18.0,02/01/2020,Jilin,China,23.0,0.0,1.0
525,29.0,02/01/2020,Xinjiang,China,21.0,0.0,0.0
526,33.0,02/01/2020,,Japan,20.0,0.0,1.0
527,32.0,02/01/2020,,Thailand,19.0,0.0,5.0
528,41.0,02/01/2020,,Singapore,18.0,0.0,0.0
529,34.0,02/01/2020,,South Korea,15.0,0.0,0.0
530,40.0,02/01/2020,Hong Kong,China,14.0,0.0,0.0
531,35.0,02/01/2020,Taiwan,Taiwan,10.0,0.0,0.0
532,21.0,02/01/2020,Qinghai,China,9.0,0.0,0.0
533,55.0,02/01/2020,,Germany,8.0,0.0,0.0
534,45.0,02/01/2020,,Malaysia,8.0,0.0,0.0
535,39.0,02/01/2020,Macau,China,7.0,0.0,0.0
536,43.0,02/01/2020,,France,6.0,0.0,0.0
537,42.0,02/01/2020,,Vietnam,6.0,0.0,1.0
538,50.0,02/01/2020,New South Wales,Australia,4.0,0.0,2.0
539,51.0,02/01/2020,"Victoria, BC",Australia,4.0,0.0,0.0
540,57.0,02/01/2020,,United Arab Emirates,4.0,0.0,0.0
541,52.0,02/01/2020,Queensland,Australia,2.0,0.0,0.0
542,46.0,02/01/2020,"Toronto, ON",Canada,3.0,0.0,0.0
543,61.0,02/01/2020,,Italy,2.0,0.0,0.0
544,58.0,02/01/2020,,Philippines,2.0,1.0,0.0
545,63.0,02/01/2020,,Russia,2.0,0.0,0.0
546,62.0,02/01/2020,,UK,2.0,0.0,0.0
547,37.0,02/01/2020,"Chicago, IL",US,2.0,0.0,0.0
548,67.0,02/01/2020,South Australia,Australia,2.0,0.0,0.0
549,53.0,02/01/2020,,Cambodia,1.0,0.0,0.0
550,47.0,02/01/2020,British Columbia,Canada,1.0,0.0,0.0
551,56.0,02/01/2020,,Finland,1.0,0.0,0.0
552,59.0,02/01/2020,,India,1.0,0.0,0.0
553,28.0,02/01/2020,Tibet,China,1.0,0.0,0.0
554,44.0,02/01/2020,,Nepal,1.0,0.0,0.0
555,66.0,02/01/2020,,Spain,1.0,0.0,0.0
556,54.0,02/01/2020,,Sri Lanka,1.0,0.0,0.0
557,64.0,02/01/2020,,Sweden,1.0,0.0,0.0
558,68.0,02/01/2020,"Boston, MA",US,1.0,0.0,0.0
559,49.0,02/01/2020,"Los Angeles, CA",US,1.0,0.0,0.0
560,48.0,02/01/2020,"Orange, CA",US,1.0,0.0,0.0
561,65.0,02/01/2020,"Santa Clara, CA",US,1.0,0.0,0.0
562,36.0,02/01/2020,"Seattle, WA",US,1.0,0.0,0.0
563,38.0,02/01/2020,"Tempe, AZ",US,1.0,0.0,0.0
564,13.0,02/02/2020,Hubei,China,11177.0,350.0,295.0
565,31.0,02/02/2020,Zhejiang,China,724.0,0.0,36.0
566,6.0,02/02/2020,Guangdong,China,683.0,0.0,15.0
567,12.0,02/02/2020,Henan,China,566.0,2.0,14.0
568,14.0,02/02/2020,Hunan,China,521.0,0.0,16.0
569,1.0,02/02/2020,Anhui,China,408.0,0.0,7.0
570,17.0,02/02/2020,Jiangxi,China,391.0,0.0,18.0
571,3.0,02/02/2020,Chongqing,China,300.0,2.0,7.0
572,16.0,02/02/2020,Jiangsu,China,271.0,0.0,7.0
573,26.0,02/02/2020,Sichuan,China,254.0,1.0,12.0
574,23.0,02/02/2020,Shandong,China,246.0,0.0,6.0
575,24.0,02/02/2020,Shanghai,China,193.0,1.0,10.0
576,2.0,02/02/2020,Beijing,China,191.0,1.0,9.0
577,4.0,02/02/2020,Fujian,China,159.0,0.0,0.0
578,7.0,02/02/2020,Guangxi,China,127.0,0.0,2.0
579,22.0,02/02/2020,Shaanxi,China,116.0,0.0,0.0
580,10.0,02/02/2020,Hebei,China,113.0,1.0,3.0
581,30.0,02/02/2020,Yunnan,China,105.0,0.0,3.0
582,11.0,02/02/2020,Heilongjiang,China,95.0,2.0,2.0
583,9.0,02/02/2020,Hainan,China,71.0,1.0,4.0
584,19.0,02/02/2020,Liaoning,China,70.0,0.0,1.0
585,25.0,02/02/2020,Shanxi,China,66.0,0.0,3.0
586,5.0,02/02/2020,Gansu,China,51.0,0.0,3.0
587,27.0,02/02/2020,Tianjin,China,48.0,0.0,1.0
588,8.0,02/02/2020,Guizhou,China,46.0,0.0,2.0
589,18.0,02/02/2020,Jilin,China,31.0,0.0,1.0
590,20.0,02/02/2020,Ningxia,China,28.0,0.0,0.0
591,15.0,02/02/2020,Inner Mongolia,China,27.0,0.0,1.0
592,29.0,02/02/2020,Xinjiang,China,24.0,0.0,0.0
593,33.0,02/02/2020,,Japan,20.0,0.0,1.0
594,32.0,02/02/2020,,Thailand,19.0,0.0,5.0
595,41.0,02/02/2020,,Singapore,18.0,0.0,0.0
596,40.0,02/02/2020,Hong Kong,China,15.0,0.0,0.0
597,34.0,02/02/2020,,South Korea,15.0,0.0,0.0
598,21.0,02/02/2020,Qinghai,China,11.0,0.0,0.0
599,55.0,02/02/2020,,Germany,10.0,0.0,0.0
600,35.0,02/02/2020,Taiwan,Taiwan,10.0,0.0,0.0
601,39.0,02/02/2020,Macau,China,8.0,0.0,0.0
602,45.0,02/02/2020,,Malaysia,8.0,0.0,0.0
603,43.0,02/02/2020,,France,6.0,0.0,0.0
604,42.0,02/02/2020,,Vietnam,6.0,0.0,1.0
605,57.0,02/02/2020,,United Arab Emirates,5.0,0.0,0.0
606,50.0,02/02/2020,New South Wales,Australia,4.0,0.0,2.0
607,51.0,02/02/2020,"Victoria, BC",Australia,4.0,0.0,0.0
608,46.0,02/02/2020,"Toronto, ON",Canada,3.0,0.0,0.0
609,52.0,02/02/2020,Queensland,Australia,2.0,0.0,0.0
610,67.0,02/02/2020,South Australia,Australia,2.0,0.0,0.0
611,59.0,02/02/2020,,India,2.0,0.0,0.0
612,61.0,02/02/2020,,Italy,2.0,0.0,0.0
613,58.0,02/02/2020,,Philippines,2.0,1.0,0.0
614,63.0,02/02/2020,,Russia,2.0,0.0,0.0
615,62.0,02/02/2020,,UK,2.0,0.0,0.0
616,37.0,02/02/2020,"Chicago, IL",US,2.0,0.0,0.0
617,65.0,02/02/2020,"Santa Clara, CA",US,2.0,0.0,0.0
618,53.0,02/02/2020,,Cambodia,1.0,0.0,0.0
619,47.0,02/02/2020,British Columbia,Canada,1.0,0.0,0.0
620,56.0,02/02/2020,,Finland,1.0,0.0,0.0
621,28.0,02/02/2020,Tibet,China,1.0,0.0,0.0
622,44.0,02/02/2020,,Nepal,1.0,0.0,0.0
623,66.0,02/02/2020,,Spain,1.0,0.0,0.0
624,54.0,02/02/2020,,Sri Lanka,1.0,0.0,0.0
625,64.0,02/02/2020,,Sweden,1.0,0.0,0.0
626,68.0,02/02/2020,"Boston, MA",US,1.0,0.0,0.0
627,49.0,02/02/2020,"Los Angeles, CA",US,1.0,0.0,0.0
628,48.0,02/02/2020,"Orange, CA",US,1.0,0.0,0.0
629,36.0,02/02/2020,"Seattle, WA",US,1.0,0.0,0.0
630,38.0,02/02/2020,"Tempe, AZ",US,1.0,0.0,0.0
631,13.0,02/03/2020,Hubei,China,13522.0,414.0,396.0
632,31.0,02/03/2020,Zhejiang,China,829.0,0.0,48.0
633,6.0,02/03/2020,Guangdong,China,797.0,0.0,21.0
634,12.0,02/03/2020,Henan,China,675.0,2.0,20.0
635,14.0,02/03/2020,Hunan,China,593.0,0.0,22.0
636,1.0,02/03/2020,Anhui,China,480.0,0.0,14.0
637,17.0,02/03/2020,Jiangxi,China,476.0,0.0,19.0
638,3.0,02/03/2020,Chongqing,China,337.0,2.0,9.0
639,16.0,02/03/2020,Jiangsu,China,308.0,0.0,8.0
640,26.0,02/03/2020,Sichuan,China,282.0,1.0,14.0
641,23.0,02/03/2020,Shandong,China,270.0,0.0,7.0
642,2.0,02/03/2020,Beijing,China,212.0,1.0,12.0
643,24.0,02/03/2020,Shanghai,China,208.0,1.0,10.0
644,4.0,02/03/2020,Fujian,China,179.0,0.0,1.0
645,11.0,02/03/2020,Heilongjiang,China,155.0,2.0,2.0
646,22.0,02/03/2020,Shaanxi,China,142.0,0.0,1.0
647,7.0,02/03/2020,Guangxi,China,139.0,0.0,7.0
648,10.0,02/03/2020,Hebei,China,126.0,1.0,3.0
649,30.0,02/03/2020,Yunnan,China,117.0,0.0,5.0
650,9.0,02/03/2020,Hainan,China,79.0,1.0,4.0
651,19.0,02/03/2020,Liaoning,China,74.0,0.0,1.0
652,25.0,02/03/2020,Shanxi,China,74.0,0.0,2.0
653,27.0,02/03/2020,Tianjin,China,60.0,0.0,1.0
654,8.0,02/03/2020,Guizhou,China,56.0,0.0,2.0
655,5.0,02/03/2020,Gansu,China,55.0,0.0,3.0
656,18.0,02/03/2020,Jilin,China,42.0,0.0,1.0
657,15.0,02/03/2020,Inner Mongolia,China,34.0,0.0,1.0
658,20.0,02/03/2020,Ningxia,China,34.0,0.0,1.0
659,29.0,02/03/2020,Xinjiang,China,29.0,0.0,0.0
660,33.0,02/03/2020,,Japan,20.0,0.0,1.0
661,32.0,02/03/2020,,Thailand,19.0,0.0,5.0
662,41.0,02/03/2020,,Singapore,18.0,0.0,0.0
663,40.0,02/03/2020,Hong Kong,China,15.0,0.0,0.0
664,21.0,02/03/2020,Qinghai,China,15.0,0.0,0.0
665,34.0,02/03/2020,,South Korea,15.0,0.0,0.0
666,55.0,02/03/2020,,Germany,12.0,0.0,0.0
667,35.0,02/03/2020,Taiwan,Taiwan,10.0,0.0,0.0
668,39.0,02/03/2020,Macau,China,8.0,0.0,0.0
669,45.0,02/03/2020,,Malaysia,8.0,0.0,0.0
670,42.0,02/03/2020,,Vietnam,8.0,0.0,1.0
671,43.0,02/03/2020,,France,6.0,0.0,0.0
672,57.0,02/03/2020,,United Arab Emirates,5.0,0.0,0.0
673,50.0,02/03/2020,New South Wales,Australia,4.0,0.0,2.0
674,51.0,02/03/2020,"Victoria, BC",Australia,4.0,0.0,0.0
675,59.0,02/03/2020,,India,3.0,0.0,0.0
676,52.0,02/03/2020,Queensland,Australia,2.0,0.0,0.0
677,67.0,02/03/2020,South Australia,Australia,2.0,0.0,0.0
678,46.0,02/03/2020,"Toronto, ON",Canada,2.0,0.0,0.0
679,61.0,02/03/2020,,Italy,2.0,0.0,0.0
680,58.0,02/03/2020,,Philippines,2.0,1.0,0.0
681,63.0,02/03/2020,,Russia,2.0,0.0,0.0
682,62.0,02/03/2020,,UK,2.0,0.0,0.0
683,37.0,02/03/2020,"Chicago, IL",US,2.0,0.0,0.0
684,69.0,02/03/2020,"San Benito, CA",US,2.0,0.0,0.0
685,65.0,02/03/2020,"Santa Clara, CA",US,2.0,0.0,0.0
686,53.0,02/03/2020,,Cambodia,1.0,0.0,0.0
687,47.0,02/03/2020,British Columbia,Canada,1.0,0.0,0.0
688,60.0,02/03/2020,"London, ON",Canada,1.0,0.0,0.0
689,56.0,02/03/2020,,Finland,1.0,0.0,0.0
690,28.0,02/03/2020,Tibet,China,1.0,0.0,0.0
691,44.0,02/03/2020,,Nepal,1.0,0.0,0.0
692,66.0,02/03/2020,,Spain,1.0,0.0,0.0
693,54.0,02/03/2020,,Sri Lanka,1.0,0.0,0.0
694,64.0,02/03/2020,,Sweden,1.0,0.0,0.0
695,68.0,02/03/2020,"Boston, MA",US,1.0,0.0,0.0
696,49.0,02/03/2020,"Los Angeles, CA",US,1.0,0.0,0.0
697,48.0,02/03/2020,"Orange, CA",US,1.0,0.0,0.0
698,36.0,02/03/2020,"Seattle, WA",US,1.0,0.0,0.0
699,38.0,02/03/2020,"Tempe, AZ",US,1.0,0.0,0.0
700,13.0,02/04/2020,Hubei,China,16678.0,479.0,522.0
701,31.0,02/04/2020,Zhejiang,China,895.0,0.0,63.0
702,6.0,02/04/2020,Guangdong,China,870.0,0.0,32.0
703,12.0,02/04/2020,Henan,China,764.0,2.0,41.0
704,14.0,02/04/2020,Hunan,China,661.0,0.0,35.0
705,17.0,02/04/2020,Jiangxi,China,548.0,0.0,27.0
706,1.0,02/04/2020,Anhui,China,530.0,0.0,20.0
707,3.0,02/04/2020,Chongqing,China,366.0,2.0,14.0
708,16.0,02/04/2020,Jiangsu,China,341.0,0.0,13.0
709,26.0,02/04/2020,Sichuan,China,301.0,1.0,23.0
710,23.0,02/04/2020,Shandong,China,298.0,0.0,13.0
711,24.0,02/04/2020,Shanghai,China,233.0,1.0,12.0
712,2.0,02/04/2020,Beijing,China,228.0,1.0,23.0
713,4.0,02/04/2020,Fujian,China,194.0,0.0,3.0
714,11.0,02/04/2020,Heilongjiang,China,190.0,2.0,4.0
715,22.0,02/04/2020,Shaanxi,China,165.0,0.0,2.0
716,7.0,02/04/2020,Guangxi,China,150.0,0.0,10.0
717,10.0,02/04/2020,Hebei,China,135.0,1.0,4.0
718,30.0,02/04/2020,Yunnan,China,122.0,0.0,5.0
719,9.0,02/04/2020,Hainan,China,91.0,1.0,4.0
720,19.0,02/04/2020,Liaoning,China,81.0,0.0,2.0
721,25.0,02/04/2020,Shanxi,China,81.0,0.0,4.0
722,27.0,02/04/2020,Tianjin,China,67.0,0.0,2.0
723,8.0,02/04/2020,Guizhou,China,64.0,0.0,5.0
724,5.0,02/04/2020,Gansu,China,57.0,0.0,4.0
725,18.0,02/04/2020,Jilin,China,54.0,0.0,1.0
726,15.0,02/04/2020,Inner Mongolia,China,42.0,0.0,1.0
727,20.0,02/04/2020,Ningxia,China,34.0,0.0,1.0
728,29.0,02/04/2020,Xinjiang,China,32.0,0.0,0.0
729,32.0,02/04/2020,,Thailand,25.0,0.0,5.0
730,41.0,02/04/2020,,Singapore,24.0,0.0,0.0
731,33.0,02/04/2020,,Japan,22.0,0.0,1.0
732,40.0,02/04/2020,Hong Kong,China,18.0,1.0,0.0
733,21.0,02/04/2020,Qinghai,China,17.0,0.0,0.0
734,34.0,02/04/2020,,South Korea,16.0,0.0,0.0
735,55.0,02/04/2020,,Germany,12.0,0.0,0.0
736,35.0,02/04/2020,Taiwan,Taiwan,11.0,0.0,0.0
737,39.0,02/04/2020,Macau,China,10.0,0.0,0.0
738,45.0,02/04/2020,,Malaysia,10.0,0.0,0.0
739,42.0,02/04/2020,,Vietnam,8.0,0.0,1.0
740,43.0,02/04/2020,,France,6.0,0.0,0.0
741,57.0,02/04/2020,,United Arab Emirates,5.0,0.0,0.0
742,50.0,02/04/2020,New South Wales,Australia,4.0,0.0,2.0
743,51.0,02/04/2020,"Victoria, BC",Australia,4.0,0.0,0.0
744,52.0,02/04/2020,Queensland,Australia,3.0,0.0,0.0
745,59.0,02/04/2020,,India,3.0,0.0,0.0
746,67.0,02/04/2020,South Australia,Australia,2.0,0.0,0.0
747,46.0,02/04/2020,"Toronto, ON",Canada,2.0,0.0,0.0
748,61.0,02/04/2020,,Italy,2.0,0.0,0.0
749,58.0,02/04/2020,,Philippines,2.0,1.0,0.0
750,63.0,02/04/2020,,Russia,2.0,0.0,0.0
751,62.0,02/04/2020,,UK,2.0,0.0,0.0
752,37.0,02/04/2020,"Chicago, IL",US,2.0,0.0,0.0
753,69.0,02/04/2020,"San Benito, CA",US,2.0,0.0,0.0
754,65.0,02/04/2020,"Santa Clara, CA",US,2.0,0.0,0.0
755,70.0,02/04/2020,,Belgium,1.0,0.0,0.0
756,53.0,02/04/2020,,Cambodia,1.0,0.0,0.0
757,47.0,02/04/2020,British Columbia,Canada,1.0,0.0,0.0
758,60.0,02/04/2020,"London, ON",Canada,1.0,0.0,0.0
759,56.0,02/04/2020,,Finland,1.0,0.0,0.0
760,28.0,02/04/2020,Tibet,China,1.0,0.0,0.0
761,44.0,02/04/2020,,Nepal,1.0,0.0,0.0
762,66.0,02/04/2020,,Spain,1.0,0.0,0.0
763,54.0,02/04/2020,,Sri Lanka,1.0,0.0,0.0
764,64.0,02/04/2020,,Sweden,1.0,0.0,0.0
765,68.0,02/04/2020,"Boston, MA",US,1.0,0.0,0.0
766,49.0,02/04/2020,"Los Angeles, CA",US,1.0,0.0,0.0
767,48.0,02/04/2020,"Orange, CA",US,1.0,0.0,0.0
768,36.0,02/04/2020,"Seattle, WA",US,1.0,0.0,0.0
769,38.0,02/04/2020,"Tempe, AZ",US,1.0,0.0,0.0
770,13.0,02/05/2020,Hubei,China,16678.0,479.0,538.0
771,6.0,02/05/2020,Guangdong,China,895.0,0.0,49.0
772,31.0,02/05/2020,Zhejiang,China,895.0,0.0,78.0
773,12.0,02/05/2020,Henan,China,764.0,2.0,47.0
774,14.0,02/05/2020,Hunan,China,661.0,0.0,54.0
775,17.0,02/05/2020,Jiangxi,China,548.0,0.0,27.0
776,1.0,02/05/2020,Anhui,China,530.0,0.0,23.0
777,3.0,02/05/2020,Chongqing,China,376.0,2.0,15.0
778,16.0,02/05/2020,Jiangsu,China,341.0,0.0,23.0
779,23.0,02/05/2020,Shandong,China,307.0,0.0,15.0
780,26.0,02/05/2020,Sichuan,China,301.0,1.0,24.0
781,2.0,02/05/2020,Beijing,China,253.0,1.0,24.0
782,24.0,02/05/2020,Shanghai,China,243.0,1.0,15.0
783,4.0,02/05/2020,Fujian,China,205.0,0.0,11.0
784,11.0,02/05/2020,Heilongjiang,China,190.0,2.0,7.0
785,22.0,02/05/2020,Shaanxi,China,165.0,0.0,6.0
786,7.0,02/05/2020,Guangxi,China,150.0,0.0,13.0
787,10.0,02/05/2020,Hebei,China,135.0,1.0,6.0
788,30.0,02/05/2020,Yunnan,China,124.0,0.0,5.0
789,9.0,02/05/2020,Hainan,China,99.0,1.0,5.0
790,19.0,02/05/2020,Liaoning,China,89.0,0.0,4.0
791,25.0,02/05/2020,Shanxi,China,81.0,0.0,5.0
792,27.0,02/05/2020,Tianjin,China,69.0,1.0,2.0
793,8.0,02/05/2020,Guizhou,China,64.0,1.0,9.0
794,5.0,02/05/2020,Gansu,China,62.0,0.0,6.0
795,18.0,02/05/2020,Jilin,China,54.0,0.0,2.0
796,15.0,02/05/2020,Inner Mongolia,China,42.0,0.0,3.0
797,20.0,02/05/2020,Ningxia,China,34.0,0.0,1.0
798,29.0,02/05/2020,Xinjiang,China,32.0,0.0,0.0
799,41.0,02/05/2020,,Singapore,28.0,0.0,0.0
800,32.0,02/05/2020,,Thailand,25.0,0.0,5.0
801,33.0,02/05/2020,,Japan,22.0,0.0,1.0
802,40.0,02/05/2020,Hong Kong,China,21.0,1.0,0.0
803,34.0,02/05/2020,,South Korea,19.0,0.0,0.0
804,21.0,02/05/2020,Qinghai,China,17.0,0.0,3.0
805,55.0,02/05/2020,,Germany,12.0,0.0,0.0
806,45.0,02/05/2020,,Malaysia,12.0,0.0,0.0
807,35.0,02/05/2020,Taiwan,Taiwan,11.0,0.0,0.0
808,39.0,02/05/2020,Macau,China,10.0,0.0,0.0
809,42.0,02/05/2020,,Vietnam,8.0,0.0,1.0
810,43.0,02/05/2020,,France,6.0,0.0,0.0
811,57.0,02/05/2020,,United Arab Emirates,5.0,0.0,0.0
812,50.0,02/05/2020,New South Wales,Australia,4.0,0.0,2.0
813,51.0,02/05/2020,"Victoria, BC",Australia,4.0,0.0,0.0
814,52.0,02/05/2020,Queensland,Australia,3.0,0.0,0.0
815,59.0,02/05/2020,,India,3.0,0.0,0.0
816,67.0,02/05/2020,South Australia,Australia,2.0,0.0,0.0
817,46.0,02/05/2020,"Toronto, ON",Canada,2.0,0.0,0.0
818,61.0,02/05/2020,,Italy,2.0,0.0,0.0
819,58.0,02/05/2020,,Philippines,2.0,1.0,0.0
820,63.0,02/05/2020,,Russia,2.0,0.0,0.0
821,62.0,02/05/2020,,UK,2.0,0.0,0.0
822,37.0,02/05/2020,"Chicago, IL",US,2.0,0.0,0.0
823,69.0,02/05/2020,"San Benito, CA",US,2.0,0.0,0.0
824,65.0,02/05/2020,"Santa Clara, CA",US,2.0,0.0,0.0
825,70.0,02/05/2020,,Belgium,1.0,0.0,0.0
826,53.0,02/05/2020,,Cambodia,1.0,0.0,0.0
827,47.0,02/05/2020,British Columbia,Canada,1.0,0.0,0.0
828,60.0,02/05/2020,"London, ON",Canada,1.0,0.0,0.0
829,56.0,02/05/2020,,Finland,1.0,0.0,0.0
830,28.0,02/05/2020,Tibet,China,1.0,0.0,0.0
831,44.0,02/05/2020,,Nepal,1.0,0.0,0.0
832,66.0,02/05/2020,,Spain,1.0,0.0,0.0
833,54.0,02/05/2020,,Sri Lanka,1.0,0.0,0.0
834,64.0,02/05/2020,,Sweden,1.0,0.0,0.0
835,68.0,02/05/2020,"Boston, MA",US,1.0,0.0,0.0
836,49.0,02/05/2020,"Los Angeles, CA",US,1.0,0.0,0.0
837,48.0,02/05/2020,"Orange, CA",US,1.0,0.0,0.0
838,36.0,02/05/2020,"Seattle, WA",US,1.0,0.0,0.0
839,38.0,02/05/2020,"Tempe, AZ",US,1.0,0.0,0.0
840,13.0,02/06/2020,Hubei,China,22112.0,618.0,817.0
841,6.0,02/06/2020,Guangdong,China,970.0,0.0,69.0
842,31.0,02/06/2020,Zhejiang,China,954.0,0.0,94.0
843,12.0,02/06/2020,Henan,China,851.0,2.0,56.0
844,14.0,02/06/2020,Hunan,China,711.0,0.0,81.0
845,17.0,02/06/2020,Jiangxi,China,600.0,0.0,37.0
846,1.0,02/06/2020,Anhui,China,591.0,0.0,34.0
847,3.0,02/06/2020,Chongqing,China,400.0,2.0,24.0
848,16.0,02/06/2020,Jiangsu,China,373.0,0.0,34.0
849,23.0,02/06/2020,Shandong,China,347.0,0.0,27.0
850,26.0,02/06/2020,Sichuan,China,321.0,1.0,31.0
851,2.0,02/06/2020,Beijing,China,274.0,1.0,31.0
852,24.0,02/06/2020,Shanghai,China,257.0,1.0,25.0
853,11.0,02/06/2020,Heilongjiang,China,227.0,3.0,8.0
854,4.0,02/06/2020,Fujian,China,215.0,0.0,14.0
855,22.0,02/06/2020,Shaanxi,China,173.0,0.0,9.0
856,7.0,02/06/2020,Guangxi,China,168.0,0.0,14.0
857,10.0,02/06/2020,Hebei,China,157.0,1.0,13.0
858,30.0,02/06/2020,Yunnan,China,133.0,0.0,7.0
859,9.0,02/06/2020,Hainan,China,106.0,1.0,8.0
860,25.0,02/06/2020,Shanxi,China,96.0,0.0,12.0
861,19.0,02/06/2020,Liaoning,China,94.0,0.0,5.0
862,27.0,02/06/2020,Tianjin,China,78.0,1.0,2.0
863,8.0,02/06/2020,Guizhou,China,71.0,1.0,6.0
864,5.0,02/06/2020,Gansu,China,62.0,0.0,6.0
865,18.0,02/06/2020,Jilin,China,59.0,0.0,4.0
866,15.0,02/06/2020,Inner Mongolia,China,46.0,0.0,4.0
867,33.0,02/06/2020,,Japan,45.0,0.0,1.0
868,20.0,02/06/2020,Ningxia,China,40.0,0.0,1.0
869,29.0,02/06/2020,Xinjiang,China,36.0,0.0,0.0
870,41.0,02/06/2020,,Singapore,28.0,0.0,0.0
871,32.0,02/06/2020,,Thailand,25.0,0.0,5.0
872,40.0,02/06/2020,Hong Kong,China,24.0,1.0,0.0
873,34.0,02/06/2020,,South Korea,23.0,0.0,0.0
874,21.0,02/06/2020,Qinghai,China,18.0,0.0,3.0
875,35.0,02/06/2020,Taiwan,Taiwan,16.0,0.0,1.0
876,55.0,02/06/2020,,Germany,12.0,0.0,0.0
877,45.0,02/06/2020,,Malaysia,12.0,0.0,0.0
878,39.0,02/06/2020,Macau,China,10.0,0.0,1.0
879,42.0,02/06/2020,,Vietnam,10.0,0.0,1.0
880,43.0,02/06/2020,,France,6.0,0.0,0.0
881,57.0,02/06/2020,,United Arab Emirates,5.0,0.0,0.0
882,50.0,02/06/2020,New South Wales,Australia,4.0,0.0,2.0
883,52.0,02/06/2020,Queensland,Australia,4.0,0.0,0.0
884,51.0,02/06/2020,"Victoria, BC",Australia,4.0,0.0,0.0
885,59.0,02/06/2020,,India,3.0,0.0,0.0
886,67.0,02/06/2020,South Australia,Australia,2.0,0.0,0.0
887,47.0,02/06/2020,British Columbia,Canada,2.0,0.0,0.0
888,46.0,02/06/2020,"Toronto, ON",Canada,2.0,0.0,0.0
889,61.0,02/06/2020,,Italy,2.0,0.0,0.0
890,58.0,02/06/2020,,Philippines,2.0,1.0,0.0
891,63.0,02/06/2020,,Russia,2.0,0.0,0.0
892,62.0,02/06/2020,,UK,2.0,0.0,0.0
893,37.0,02/06/2020,"Chicago, IL",US,2.0,0.0,0.0
894,69.0,02/06/2020,"San Benito, CA",US,2.0,0.0,0.0
895,65.0,02/06/2020,"Santa Clara, CA",US,2.0,0.0,0.0
896,70.0,02/06/2020,,Belgium,1.0,0.0,0.0
897,53.0,02/06/2020,,Cambodia,1.0,0.0,0.0
898,60.0,02/06/2020,"London, ON",Canada,1.0,0.0,0.0
899,56.0,02/06/2020,,Finland,1.0,0.0,0.0
900,28.0,02/06/2020,Tibet,China,1.0,0.0,0.0
901,44.0,02/06/2020,,Nepal,1.0,0.0,0.0
902,66.0,02/06/2020,,Spain,1.0,0.0,0.0
903,54.0,02/06/2020,,Sri Lanka,1.0,0.0,0.0
904,64.0,02/06/2020,,Sweden,1.0,0.0,0.0
905,68.0,02/06/2020,"Boston, MA",US,1.0,0.0,0.0
906,49.0,02/06/2020,"Los Angeles, CA",US,1.0,0.0,0.0
907,71.0,02/06/2020,"Madison, WI",US,1.0,0.0,0.0
908,48.0,02/06/2020,"Orange, CA",US,1.0,0.0,0.0
909,36.0,02/06/2020,"Seattle, WA",US,1.0,0.0,0.0
910,38.0,02/06/2020,"Tempe, AZ",US,1.0,0.0,0.0
911,13.0,02/07/2020,Hubei,China,22112.0,618.0,867.0
912,6.0,02/07/2020,Guangdong,China,1034.0,1.0,88.0
913,31.0,02/07/2020,Zhejiang,China,1006.0,0.0,123.0
914,12.0,02/07/2020,Henan,China,914.0,3.0,86.0
915,14.0,02/07/2020,Hunan,China,772.0,0.0,112.0
916,1.0,02/07/2020,Anhui,China,665.0,0.0,47.0
917,17.0,02/07/2020,Jiangxi,China,661.0,0.0,45.0
918,3.0,02/07/2020,Chongqing,China,415.0,2.0,31.0
919,16.0,02/07/2020,Jiangsu,China,408.0,0.0,43.0
920,23.0,02/07/2020,Shandong,China,386.0,0.0,37.0
921,26.0,02/07/2020,Sichuan,China,344.0,1.0,42.0
922,2.0,02/07/2020,Beijing,China,297.0,1.0,33.0
923,11.0,02/07/2020,Heilongjiang,China,277.0,3.0,12.0
924,24.0,02/07/2020,Shanghai,China,277.0,1.0,30.0
925,4.0,02/07/2020,Fujian,China,224.0,0.0,20.0
926,22.0,02/07/2020,Shaanxi,China,184.0,0.0,17.0
927,7.0,02/07/2020,Guangxi,China,172.0,0.0,17.0
928,10.0,02/07/2020,Hebei,China,172.0,1.0,22.0
929,30.0,02/07/2020,Yunnan,China,138.0,0.0,12.0
930,9.0,02/07/2020,Hainan,China,117.0,2.0,10.0
931,19.0,02/07/2020,Liaoning,China,99.0,0.0,7.0
932,25.0,02/07/2020,Shanxi,China,96.0,0.0,15.0
933,8.0,02/07/2020,Guizhou,China,81.0,1.0,6.0
934,27.0,02/07/2020,Tianjin,China,81.0,1.0,2.0
935,5.0,02/07/2020,Gansu,China,67.0,0.0,9.0
936,18.0,02/07/2020,Jilin,China,65.0,1.0,4.0
937,72.0,02/07/2020,Diamond Princess cruise ship,Others,61.0,0.0,0.0
938,15.0,02/07/2020,Inner Mongolia,China,50.0,0.0,5.0
939,20.0,02/07/2020,Ningxia,China,43.0,0.0,5.0
940,29.0,02/07/2020,Xinjiang,China,39.0,0.0,0.0
941,41.0,02/07/2020,,Singapore,30.0,0.0,0.0
942,40.0,02/07/2020,Hong Kong,China,25.0,1.0,0.0
943,33.0,02/07/2020,,Japan,25.0,0.0,1.0
944,32.0,02/07/2020,,Thailand,25.0,0.0,5.0
945,34.0,02/07/2020,,South Korea,24.0,0.0,1.0
946,21.0,02/07/2020,Qinghai,China,18.0,0.0,3.0
947,35.0,02/07/2020,Taiwan,Taiwan,16.0,0.0,1.0
948,55.0,02/07/2020,,Germany,13.0,0.0,0.0
949,45.0,02/07/2020,,Malaysia,12.0,0.0,1.0
950,39.0,02/07/2020,Macau,China,10.0,0.0,1.0
951,42.0,02/07/2020,,Vietnam,10.0,0.0,1.0
952,43.0,02/07/2020,,France,6.0,0.0,0.0
953,52.0,02/07/2020,Queensland,Australia,5.0,0.0,0.0
954,57.0,02/07/2020,,United Arab Emirates,5.0,0.0,0.0
955,50.0,02/07/2020,New South Wales,Australia,4.0,0.0,2.0
956,51.0,02/07/2020,"Victoria, BC",Australia,4.0,0.0,0.0
957,47.0,02/07/2020,British Columbia,Canada,4.0,0.0,0.0
958,59.0,02/07/2020,,India,3.0,0.0,0.0
959,61.0,02/07/2020,,Italy,3.0,0.0,0.0
960,58.0,02/07/2020,,Philippines,3.0,1.0,0.0
961,62.0,02/07/2020,,UK,3.0,0.0,0.0
962,67.0,02/07/2020,South Australia,Australia,2.0,0.0,0.0
963,46.0,02/07/2020,"Toronto, ON",Canada,2.0,0.0,0.0
964,63.0,02/07/2020,,Russia,2.0,0.0,0.0
965,37.0,02/07/2020,"Chicago, IL",US,2.0,0.0,0.0
966,69.0,02/07/2020,"San Benito, CA",US,2.0,0.0,0.0
967,65.0,02/07/2020,"Santa Clara, CA",US,2.0,0.0,0.0
968,70.0,02/07/2020,,Belgium,1.0,0.0,0.0
969,53.0,02/07/2020,,Cambodia,1.0,0.0,0.0
970,60.0,02/07/2020,"London, ON",Canada,1.0,0.0,0.0
971,56.0,02/07/2020,,Finland,1.0,0.0,0.0
972,28.0,02/07/2020,Tibet,China,1.0,0.0,0.0
973,44.0,02/07/2020,,Nepal,1.0,0.0,0.0
974,66.0,02/07/2020,,Spain,1.0,0.0,0.0
975,54.0,02/07/2020,,Sri Lanka,1.0,0.0,0.0
976,64.0,02/07/2020,,Sweden,1.0,0.0,0.0
977,68.0,02/07/2020,"Boston, MA",US,1.0,0.0,0.0
978,49.0,02/07/2020,"Los Angeles, CA",US,1.0,0.0,0.0
979,71.0,02/07/2020,"Madison, WI",US,1.0,0.0,0.0
980,48.0,02/07/2020,"Orange, CA",US,1.0,0.0,0.0
981,36.0,02/07/2020,"Seattle, WA",US,1.0,0.0,0.0
982,38.0,02/07/2020,"Tempe, AZ",US,1.0,0.0,0.0
983,13.0,02/08/2020,Hubei,China,27100.0,780.0,1440.0
984,6.0,02/08/2020,Guangdong,China,1120.0,1.0,125.0
985,31.0,02/08/2020,Zhejiang,China,1075.0,0.0,185.0
986,12.0,02/08/2020,Henan,China,1033.0,6.0,131.0
987,14.0,02/08/2020,Hunan,China,838.0,1.0,159.0
988,1.0,02/08/2020,Anhui,China,779.0,1.0,59.0
989,17.0,02/08/2020,Jiangxi,China,740.0,0.0,72.0
990,16.0,02/08/2020,Jiangsu,China,468.0,0.0,58.0
991,3.0,02/08/2020,Chongqing,China,446.0,2.0,39.0
992,23.0,02/08/2020,Shandong,China,435.0,1.0,50.0
993,26.0,02/08/2020,Sichuan,China,386.0,1.0,60.0
994,2.0,02/08/2020,Beijing,China,326.0,2.0,37.0
995,11.0,02/08/2020,Heilongjiang,China,307.0,6.0,13.0
996,24.0,02/08/2020,Shanghai,China,292.0,1.0,41.0
997,4.0,02/08/2020,Fujian,China,250.0,0.0,26.0
998,22.0,02/08/2020,Shaanxi,China,208.0,0.0,25.0
999,10.0,02/08/2020,Hebei,China,206.0,2.0,30.0
1000,7.0,02/08/2020,Guangxi,China,195.0,1.0,18.0
1001,30.0,02/08/2020,Yunnan,China,140.0,0.0,17.0
1002,9.0,02/08/2020,Hainan,China,128.0,2.0,15.0
1003,25.0,02/08/2020,Shanxi,China,115.0,0.0,21.0
1004,19.0,02/08/2020,Liaoning,China,105.0,0.0,8.0
1005,8.0,02/08/2020,Guizhou,China,96.0,1.0,7.0
1006,27.0,02/08/2020,Tianjin,China,90.0,1.0,4.0
1007,5.0,02/08/2020,Gansu,China,79.0,1.0,12.0
1008,18.0,02/08/2020,Jilin,China,78.0,1.0,5.0
1009,72.0,02/08/2020,Diamond Princess cruise ship,Others,61.0,0.0,0.0
1010,15.0,02/08/2020,Inner Mongolia,China,54.0,0.0,5.0
1011,20.0,02/08/2020,Ningxia,China,45.0,0.0,13.0
1012,29.0,02/08/2020,Xinjiang,China,45.0,0.0,0.0
1013,41.0,02/08/2020,,Singapore,40.0,0.0,2.0
1014,32.0,02/08/2020,,Thailand,32.0,0.0,10.0
1015,40.0,02/08/2020,Hong Kong,China,26.0,1.0,0.0
1016,33.0,02/08/2020,,Japan,25.0,0.0,1.0
1017,34.0,02/08/2020,,South Korea,25.0,0.0,3.0
1018,21.0,02/08/2020,Qinghai,China,18.0,0.0,3.0
1019,35.0,02/08/2020,Taiwan,Taiwan,17.0,0.0,1.0
1020,45.0,02/08/2020,,Malaysia,16.0,0.0,1.0
1021,55.0,02/08/2020,,Germany,13.0,0.0,0.0
1022,42.0,02/08/2020,,Vietnam,13.0,0.0,1.0
1023,43.0,02/08/2020,,France,11.0,0.0,0.0
1024,39.0,02/08/2020,Macau,China,10.0,0.0,1.0
1025,57.0,02/08/2020,,United Arab Emirates,7.0,0.0,0.0
1026,52.0,02/08/2020,Queensland,Australia,5.0,0.0,0.0
1027,50.0,02/08/2020,New South Wales,Australia,4.0,0.0,2.0
1028,51.0,02/08/2020,"Victoria, BC",Australia,4.0,0.0,0.0
1029,47.0,02/08/2020,British Columbia,Canada,4.0,0.0,0.0
1030,59.0,02/08/2020,,India,3.0,0.0,0.0
1031,61.0,02/08/2020,,Italy,3.0,0.0,0.0
1032,58.0,02/08/2020,,Philippines,3.0,1.0,0.0
1033,62.0,02/08/2020,,UK,3.0,0.0,0.0
1034,67.0,02/08/2020,South Australia,Australia,2.0,0.0,0.0
1035,46.0,02/08/2020,"Toronto, ON",Canada,2.0,0.0,0.0
1036,63.0,02/08/2020,,Russia,2.0,0.0,0.0
1037,37.0,02/08/2020,"Chicago, IL",US,2.0,0.0,0.0
1038,69.0,02/08/2020,"San Benito, CA",US,2.0,0.0,0.0
1039,65.0,02/08/2020,"Santa Clara, CA",US,2.0,0.0,0.0
1040,70.0,02/08/2020,,Belgium,1.0,0.0,0.0
1041,53.0,02/08/2020,,Cambodia,1.0,0.0,0.0
1042,60.0,02/08/2020,"London, ON",Canada,1.0,0.0,0.0
1043,56.0,02/08/2020,,Finland,1.0,0.0,0.0
1044,28.0,02/08/2020,Tibet,China,1.0,0.0,0.0
1045,44.0,02/08/2020,,Nepal,1.0,0.0,0.0
1046,66.0,02/08/2020,,Spain,1.0,0.0,0.0
1047,54.0,02/08/2020,,Sri Lanka,1.0,0.0,1.0
1048,64.0,02/08/2020,,Sweden,1.0,0.0,0.0
1049,68.0,02/08/2020,"Boston, MA",US,1.0,0.0,0.0
1050,49.0,02/08/2020,"Los Angeles, CA",US,1.0,0.0,0.0
1051,71.0,02/08/2020,"Madison, WI",US,1.0,0.0,0.0
1052,48.0,02/08/2020,"Orange, CA",US,1.0,0.0,0.0
1053,36.0,02/08/2020,"Seattle, WA",US,1.0,0.0,0.0
1054,38.0,02/08/2020,"Tempe, AZ",US,1.0,0.0,0.0
1055,13.0,02/09/2020,Hubei,China,29631.0,871.0,1795.0
1056,6.0,02/09/2020,Guangdong,China,1151.0,1.0,147.0
1057,31.0,02/09/2020,Zhejiang,China,1092.0,0.0,201.0
1058,12.0,02/09/2020,Henan,China,1073.0,6.0,169.0
1059,14.0,02/09/2020,Hunan,China,879.0,1.0,186.0
1060,1.0,02/09/2020,Anhui,China,830.0,3.0,73.0
1061,17.0,02/09/2020,Jiangxi,China,771.0,1.0,102.0
1062,16.0,02/09/2020,Jiangsu,China,492.0,0.0,72.0
1063,3.0,02/09/2020,Chongqing,China,468.0,2.0,51.0
1064,23.0,02/09/2020,Shandong,China,459.0,1.0,63.0
1065,26.0,02/09/2020,Sichuan,China,405.0,1.0,76.0
1066,2.0,02/09/2020,Beijing,China,337.0,2.0,44.0
1067,11.0,02/09/2020,Heilongjiang,China,331.0,7.0,15.0
1068,24.0,02/09/2020,Shanghai,China,295.0,1.0,44.0
1069,4.0,02/09/2020,Fujian,China,261.0,0.0,35.0
1070,10.0,02/09/2020,Hebei,China,218.0,2.0,35.0
1071,22.0,02/09/2020,Shaanxi,China,213.0,0.0,26.0
1072,7.0,02/09/2020,Guangxi,China,210.0,1.0,18.0
1073,30.0,02/09/2020,Yunnan,China,141.0,0.0,18.0
1074,9.0,02/09/2020,Hainan,China,136.0,3.0,19.0
1075,25.0,02/09/2020,Shanxi,China,119.0,0.0,25.0
1076,8.0,02/09/2020,Guizhou,China,109.0,1.0,7.0
1077,19.0,02/09/2020,Liaoning,China,107.0,0.0,12.0
1078,27.0,02/09/2020,Tianjin,China,94.0,1.0,4.0
1079,5.0,02/09/2020,Gansu,China,83.0,2.0,16.0
1080,18.0,02/09/2020,Jilin,China,80.0,1.0,12.0
1081,72.0,02/09/2020,Diamond Princess cruise ship,Others,64.0,0.0,0.0
1082,15.0,02/09/2020,Inner Mongolia,China,58.0,0.0,5.0
1083,20.0,02/09/2020,Ningxia,China,49.0,0.0,13.0
1084,29.0,02/09/2020,Xinjiang,China,49.0,0.0,0.0
1085,41.0,02/09/2020,,Singapore,43.0,0.0,2.0
1086,40.0,02/09/2020,Hong Kong,China,36.0,1.0,0.0
1087,32.0,02/09/2020,,Thailand,32.0,0.0,10.0
1088,34.0,02/09/2020,,South Korea,27.0,0.0,3.0
1089,33.0,02/09/2020,,Japan,26.0,0.0,1.0
1090,21.0,02/09/2020,Qinghai,China,18.0,0.0,3.0
1091,45.0,02/09/2020,,Malaysia,18.0,0.0,1.0
1092,35.0,02/09/2020,Taiwan,Taiwan,18.0,0.0,1.0
1093,55.0,02/09/2020,,Germany,14.0,0.0,0.0
1094,42.0,02/09/2020,,Vietnam,14.0,0.0,1.0
1095,43.0,02/09/2020,,France,11.0,0.0,0.0
1096,39.0,02/09/2020,Macau,China,10.0,0.0,1.0
1097,57.0,02/09/2020,,United Arab Emirates,7.0,0.0,0.0
1098,52.0,02/09/2020,Queensland,Australia,5.0,0.0,0.0
1099,50.0,02/09/2020,New South Wales,Australia,4.0,0.0,2.0
1100,51.0,02/09/2020,"Victoria, BC",Australia,4.0,0.0,0.0
1101,47.0,02/09/2020,British Columbia,Canada,4.0,0.0,0.0
1102,59.0,02/09/2020,,India,3.0,0.0,0.0
1103,61.0,02/09/2020,,Italy,3.0,0.0,0.0
1104,58.0,02/09/2020,,Philippines,3.0,1.0,0.0
1105,62.0,02/09/2020,,UK,3.0,0.0,0.0
1106,67.0,02/09/2020,South Australia,Australia,2.0,0.0,0.0
1107,46.0,02/09/2020,"Toronto, ON",Canada,2.0,0.0,0.0
1108,63.0,02/09/2020,,Russia,2.0,0.0,0.0
1109,66.0,02/09/2020,,Spain,2.0,0.0,0.0
1110,37.0,02/09/2020,"Chicago, IL",US,2.0,0.0,2.0
1111,69.0,02/09/2020,"San Benito, CA",US,2.0,0.0,0.0
1112,65.0,02/09/2020,"Santa Clara, CA",US,2.0,0.0,0.0
1113,70.0,02/09/2020,,Belgium,1.0,0.0,0.0
1114,53.0,02/09/2020,,Cambodia,1.0,0.0,0.0
1115,60.0,02/09/2020,"London, ON",Canada,1.0,0.0,0.0
1116,56.0,02/09/2020,,Finland,1.0,0.0,0.0
1117,28.0,02/09/2020,Tibet,China,1.0,0.0,0.0
1118,44.0,02/09/2020,,Nepal,1.0,0.0,0.0
1119,54.0,02/09/2020,,Sri Lanka,1.0,0.0,1.0
1120,64.0,02/09/2020,,Sweden,1.0,0.0,0.0
1121,68.0,02/09/2020,"Boston, MA",US,1.0,0.0,0.0
1122,49.0,02/09/2020,"Los Angeles, CA",US,1.0,0.0,0.0
1123,71.0,02/09/2020,"Madison, WI",US,1.0,0.0,0.0
1124,48.0,02/09/2020,"Orange, CA",US,1.0,0.0,0.0
1125,36.0,02/09/2020,"Seattle, WA",US,1.0,0.0,1.0
1126,38.0,02/09/2020,"Tempe, AZ",US,1.0,0.0,0.0
1127,13.0,02/10/2020,Hubei,China,31728.0,974.0,2222.0
1128,6.0,02/10/2020,Guangdong,China,1159.0,1.0,167.0
1129,31.0,02/10/2020,Zhejiang,China,1092.0,0.0,242.0
1130,12.0,02/10/2020,Henan,China,1073.0,6.0,191.0
1131,14.0,02/10/2020,Hunan,China,879.0,1.0,208.0
1132,1.0,02/10/2020,Anhui,China,830.0,3.0,88.0
1133,17.0,02/10/2020,Jiangxi,China,771.0,1.0,105.0
1134,16.0,02/10/2020,Jiangsu,China,492.0,0.0,81.0
1135,3.0,02/10/2020,Chongqing,China,486.0,2.0,66.0
1136,23.0,02/10/2020,Shandong,China,466.0,1.0,66.0
1137,26.0,02/10/2020,Sichuan,China,405.0,1.0,80.0
1138,2.0,02/10/2020,Beijing,China,337.0,2.0,44.0
1139,11.0,02/10/2020,Heilongjiang,China,331.0,7.0,30.0
1140,24.0,02/10/2020,Shanghai,China,299.0,1.0,48.0
1141,4.0,02/10/2020,Fujian,China,261.0,0.0,39.0
1142,10.0,02/10/2020,Hebei,China,218.0,2.0,41.0
1143,22.0,02/10/2020,Shaanxi,China,213.0,0.0,30.0
1144,7.0,02/10/2020,Guangxi,China,210.0,1.0,24.0
1145,30.0,02/10/2020,Yunnan,China,149.0,0.0,19.0
1146,9.0,02/10/2020,Hainan,China,138.0,3.0,19.0
1147,72.0,02/10/2020,Diamond Princess cruise ship,Others,135.0,0.0,0.0
1148,25.0,02/10/2020,Shanxi,China,119.0,0.0,25.0
1149,8.0,02/10/2020,Guizhou,China,109.0,1.0,10.0
1150,19.0,02/10/2020,Liaoning,China,108.0,0.0,13.0
1151,27.0,02/10/2020,Tianjin,China,95.0,1.0,8.0
1152,5.0,02/10/2020,Gansu,China,86.0,2.0,21.0
1153,18.0,02/10/2020,Jilin,China,81.0,1.0,13.0
1154,15.0,02/10/2020,Inner Mongolia,China,58.0,0.0,5.0
1155,20.0,02/10/2020,Ningxia,China,49.0,0.0,13.0
1156,29.0,02/10/2020,Xinjiang,China,49.0,0.0,0.0
1157,41.0,02/10/2020,,Singapore,45.0,0.0,2.0
1158,40.0,02/10/2020,Hong Kong,China,38.0,1.0,0.0
1159,32.0,02/10/2020,,Thailand,32.0,0.0,10.0
1160,34.0,02/10/2020,,South Korea,27.0,0.0,3.0
1161,33.0,02/10/2020,,Japan,26.0,0.0,4.0
1162,21.0,02/10/2020,Qinghai,China,18.0,0.0,3.0
1163,45.0,02/10/2020,,Malaysia,18.0,0.0,1.0
1164,35.0,02/10/2020,Taiwan,Taiwan,18.0,0.0,1.0
1165,55.0,02/10/2020,,Germany,14.0,0.0,0.0
1166,42.0,02/10/2020,,Vietnam,14.0,0.0,1.0
1167,43.0,02/10/2020,,France,11.0,0.0,0.0
1168,39.0,02/10/2020,Macau,China,10.0,0.0,1.0
1169,62.0,02/10/2020,,UK,8.0,0.0,0.0
1170,57.0,02/10/2020,,United Arab Emirates,8.0,0.0,0.0
1171,52.0,02/10/2020,Queensland,Australia,5.0,0.0,0.0
1172,50.0,02/10/2020,New South Wales,Australia,4.0,0.0,2.0
1173,51.0,02/10/2020,"Victoria, BC",Australia,4.0,0.0,0.0
1174,47.0,02/10/2020,British Columbia,Canada,4.0,0.0,0.0
1175,59.0,02/10/2020,,India,3.0,0.0,0.0
1176,61.0,02/10/2020,,Italy,3.0,0.0,0.0
1177,58.0,02/10/2020,,Philippines,3.0,1.0,0.0
1178,67.0,02/10/2020,South Australia,Australia,2.0,0.0,0.0
1179,46.0,02/10/2020,"Toronto, ON",Canada,2.0,0.0,0.0
1180,63.0,02/10/2020,,Russia,2.0,0.0,0.0
1181,66.0,02/10/2020,,Spain,2.0,0.0,0.0
1182,37.0,02/10/2020,"Chicago, IL",US,2.0,0.0,2.0
1183,69.0,02/10/2020,"San Benito, CA",US,2.0,0.0,0.0
1184,65.0,02/10/2020,"Santa Clara, CA",US,2.0,0.0,0.0
1185,70.0,02/10/2020,,Belgium,1.0,0.0,0.0
1186,53.0,02/10/2020,,Cambodia,1.0,0.0,0.0
1187,60.0,02/10/2020,"London, ON",Canada,1.0,0.0,0.0
1188,56.0,02/10/2020,,Finland,1.0,0.0,0.0
1189,28.0,02/10/2020,Tibet,China,1.0,0.0,0.0
1190,44.0,02/10/2020,,Nepal,1.0,0.0,0.0
1191,54.0,02/10/2020,,Sri Lanka,1.0,0.0,1.0
1192,64.0,02/10/2020,,Sweden,1.0,0.0,0.0
1193,68.0,02/10/2020,"Boston, MA",US,1.0,0.0,0.0
1194,49.0,02/10/2020,"Los Angeles, CA",US,1.0,0.0,0.0
1195,71.0,02/10/2020,"Madison, WI",US,1.0,0.0,0.0
1196,48.0,02/10/2020,"Orange, CA",US,1.0,0.0,0.0
1197,36.0,02/10/2020,"Seattle, WA",US,1.0,0.0,1.0
1198,38.0,02/10/2020,"Tempe, AZ",US,1.0,0.0,0.0
1199,13.0,02/11/2020,Hubei,China,33366.0,1068.0,2639.0
1200,6.0,02/11/2020,Guangdong,China,1219.0,1.0,241.0
1201,12.0,02/11/2020,Henan,China,1135.0,8.0,231.0
1202,31.0,02/11/2020,Zhejiang,China,1131.0,0.0,279.0
1203,14.0,02/11/2020,Hunan,China,946.0,2.0,263.0
1204,1.0,02/11/2020,Anhui,China,889.0,4.0,108.0
1205,17.0,02/11/2020,Jiangxi,China,844.0,1.0,152.0
1206,16.0,02/11/2020,Jiangsu,China,543.0,0.0,94.0
1207,3.0,02/11/2020,Chongqing,China,505.0,3.0,79.0
1208,23.0,02/11/2020,Shandong,China,497.0,1.0,80.0
1209,26.0,02/11/2020,Sichuan,China,436.0,1.0,85.0
1210,11.0,02/11/2020,Heilongjiang,China,378.0,8.0,28.0
1211,2.0,02/11/2020,Beijing,China,342.0,3.0,48.0
1212,24.0,02/11/2020,Shanghai,China,306.0,1.0,53.0
1213,4.0,02/11/2020,Fujian,China,272.0,0.0,46.0
1214,10.0,02/11/2020,Hebei,China,251.0,2.0,48.0
1215,7.0,02/11/2020,Guangxi,China,222.0,1.0,31.0
1216,22.0,02/11/2020,Shaanxi,China,219.0,0.0,32.0
1217,30.0,02/11/2020,Yunnan,China,154.0,0.0,20.0
1218,9.0,02/11/2020,Hainan,China,151.0,3.0,20.0
1219,72.0,02/11/2020,Diamond Princess cruise ship,Others,135.0,0.0,0.0
1220,8.0,02/11/2020,Guizhou,China,131.0,1.0,17.0
1221,25.0,02/11/2020,Shanxi,China,124.0,0.0,30.0
1222,19.0,02/11/2020,Liaoning,China,116.0,0.0,19.0
1223,27.0,02/11/2020,Tianjin,China,106.0,2.0,10.0
1224,5.0,02/11/2020,Gansu,China,86.0,2.0,24.0
1225,18.0,02/11/2020,Jilin,China,83.0,1.0,18.0
1226,29.0,02/11/2020,Xinjiang,China,59.0,0.0,3.0
1227,15.0,02/11/2020,Inner Mongolia,China,58.0,0.0,5.0
1228,20.0,02/11/2020,Ningxia,China,53.0,0.0,22.0
1229,40.0,02/11/2020,Hong Kong,China,49.0,1.0,0.0
1230,41.0,02/11/2020,,Singapore,47.0,0.0,9.0
1231,32.0,02/11/2020,,Thailand,33.0,0.0,10.0
1232,34.0,02/11/2020,,South Korea,28.0,0.0,4.0
1233,33.0,02/11/2020,,Japan,26.0,0.0,9.0
1234,21.0,02/11/2020,Qinghai,China,18.0,0.0,5.0
1235,45.0,02/11/2020,,Malaysia,18.0,0.0,3.0
1236,35.0,02/11/2020,Taiwan,Taiwan,18.0,0.0,1.0
1237,55.0,02/11/2020,,Germany,16.0,0.0,0.0
1238,42.0,02/11/2020,,Vietnam,15.0,0.0,6.0
1239,43.0,02/11/2020,,France,11.0,0.0,0.0
1240,39.0,02/11/2020,Macau,China,10.0,0.0,1.0
1241,62.0,02/11/2020,,UK,8.0,0.0,0.0
1242,57.0,02/11/2020,,United Arab Emirates,8.0,0.0,1.0
1243,52.0,02/11/2020,Queensland,Australia,5.0,0.0,0.0
1244,50.0,02/11/2020,New South Wales,Australia,4.0,0.0,2.0
1245,51.0,02/11/2020,"Victoria, BC",Australia,4.0,0.0,0.0
1246,47.0,02/11/2020,British Columbia,Canada,4.0,0.0,0.0
1247,59.0,02/11/2020,,India,3.0,0.0,0.0
1248,61.0,02/11/2020,,Italy,3.0,0.0,0.0
1249,58.0,02/11/2020,,Philippines,3.0,1.0,0.0
1250,67.0,02/11/2020,South Australia,Australia,2.0,0.0,0.0
1251,46.0,02/11/2020,"Toronto, ON",Canada,2.0,0.0,0.0
1252,63.0,02/11/2020,,Russia,2.0,0.0,0.0
1253,66.0,02/11/2020,,Spain,2.0,0.0,0.0
1254,37.0,02/11/2020,"Chicago, IL",US,2.0,0.0,2.0
1255,69.0,02/11/2020,"San Benito, CA",US,2.0,0.0,0.0
1256,65.0,02/11/2020,"Santa Clara, CA",US,2.0,0.0,0.0
1257,70.0,02/11/2020,,Belgium,1.0,0.0,0.0
1258,53.0,02/11/2020,,Cambodia,1.0,0.0,0.0
1259,60.0,02/11/2020,"London, ON",Canada,1.0,0.0,0.0
1260,56.0,02/11/2020,,Finland,1.0,0.0,1.0
1261,28.0,02/11/2020,Tibet,China,1.0,0.0,0.0
1262,44.0,02/11/2020,,Nepal,1.0,0.0,0.0
1263,54.0,02/11/2020,,Sri Lanka,1.0,0.0,1.0
1264,64.0,02/11/2020,,Sweden,1.0,0.0,0.0
1265,68.0,02/11/2020,"Boston, MA",US,1.0,0.0,0.0
1266,49.0,02/11/2020,"Los Angeles, CA",US,1.0,0.0,0.0
1267,71.0,02/11/2020,"Madison, WI",US,1.0,0.0,0.0
1268,48.0,02/11/2020,"Orange, CA",US,1.0,0.0,0.0
1269,73.0,02/11/2020,"San Diego, CA",US,1.0,0.0,0.0
1270,36.0,02/11/2020,"Seattle, WA",US,1.0,0.0,1.0
1271,38.0,02/11/2020,"Tempe, AZ",US,1.0,0.0,0.0
1272,13.0,02/12/2020,Hubei,China,48206.0,1310.0,3441.0
1273,6.0,02/12/2020,Guangdong,China,1241.0,2.0,284.0
1274,12.0,02/12/2020,Henan,China,1169.0,10.0,258.0
1275,31.0,02/12/2020,Zhejiang,China,1145.0,0.0,327.0
1276,14.0,02/12/2020,Hunan,China,968.0,2.0,312.0
1277,1.0,02/12/2020,Anhui,China,910.0,5.0,128.0
1278,17.0,02/12/2020,Jiangxi,China,872.0,1.0,170.0
1279,16.0,02/12/2020,Jiangsu,China,570.0,0.0,131.0
1280,3.0,02/12/2020,Chongqing,China,518.0,3.0,102.0
1281,23.0,02/12/2020,Shandong,China,506.0,2.0,98.0
1282,26.0,02/12/2020,Sichuan,China,451.0,1.0,93.0
1283,11.0,02/12/2020,Heilongjiang,China,395.0,9.0,31.0
1284,2.0,02/12/2020,Beijing,China,366.0,3.0,68.0
1285,24.0,02/12/2020,Shanghai,China,313.0,1.0,57.0
1286,4.0,02/12/2020,Fujian,China,279.0,0.0,54.0
1287,10.0,02/12/2020,Hebei,China,265.0,3.0,55.0
1288,22.0,02/12/2020,Shaanxi,China,229.0,0.0,42.0
1289,7.0,02/12/2020,Guangxi,China,222.0,2.0,33.0
1290,72.0,02/12/2020,Diamond Princess cruise ship,Others,175.0,0.0,0.0
1291,9.0,02/12/2020,Hainan,China,157.0,4.0,27.0
1292,30.0,02/12/2020,Yunnan,China,155.0,0.0,23.0
1293,8.0,02/12/2020,Guizhou,China,135.0,1.0,20.0
1294,25.0,02/12/2020,Shanxi,China,126.0,0.0,33.0
1295,19.0,02/12/2020,Liaoning,China,116.0,1.0,21.0
1296,27.0,02/12/2020,Tianjin,China,113.0,2.0,11.0
1297,5.0,02/12/2020,Gansu,China,87.0,2.0,31.0
1298,18.0,02/12/2020,Jilin,China,84.0,1.0,22.0
1299,20.0,02/12/2020,Ningxia,China,64.0,0.0,24.0
1300,29.0,02/12/2020,Xinjiang,China,63.0,1.0,3.0
1301,15.0,02/12/2020,Inner Mongolia,China,61.0,0.0,6.0
1302,40.0,02/12/2020,Hong Kong,China,50.0,1.0,1.0
1303,41.0,02/12/2020,,Singapore,50.0,0.0,15.0
1304,32.0,02/12/2020,,Thailand,33.0,0.0,10.0
1305,33.0,02/12/2020,,Japan,28.0,0.0,9.0
1306,34.0,02/12/2020,,South Korea,28.0,0.0,7.0
1307,21.0,02/12/2020,Qinghai,China,18.0,0.0,9.0
1308,45.0,02/12/2020,,Malaysia,18.0,0.0,3.0
1309,35.0,02/12/2020,Taiwan,Taiwan,18.0,0.0,1.0
1310,55.0,02/12/2020,,Germany,16.0,0.0,0.0
1311,42.0,02/12/2020,,Vietnam,15.0,0.0,6.0
1312,43.0,02/12/2020,,France,11.0,0.0,2.0
1313,39.0,02/12/2020,Macau,China,10.0,0.0,2.0
1314,62.0,02/12/2020,,UK,9.0,0.0,1.0
1315,57.0,02/12/2020,,United Arab Emirates,8.0,0.0,1.0
1316,52.0,02/12/2020,Queensland,Australia,5.0,0.0,0.0
1317,50.0,02/12/2020,New South Wales,Australia,4.0,0.0,2.0
1318,51.0,02/12/2020,"Victoria, BC",Australia,4.0,0.0,0.0
1319,47.0,02/12/2020,British Columbia,Canada,4.0,0.0,0.0
1320,59.0,02/12/2020,,India,3.0,0.0,0.0
1321,61.0,02/12/2020,,Italy,3.0,0.0,0.0
1322,58.0,02/12/2020,,Philippines,3.0,1.0,1.0
1323,67.0,02/12/2020,South Australia,Australia,2.0,0.0,0.0
1324,46.0,02/12/2020,"Toronto, ON",Canada,2.0,0.0,0.0
1325,63.0,02/12/2020,,Russia,2.0,0.0,2.0
1326,66.0,02/12/2020,,Spain,2.0,0.0,0.0
1327,37.0,02/12/2020,"Chicago, IL",US,2.0,0.0,2.0
1328,69.0,02/12/2020,"San Benito, CA",US,2.0,0.0,0.0
1329,65.0,02/12/2020,"Santa Clara, CA",US,2.0,0.0,0.0
1330,70.0,02/12/2020,,Belgium,1.0,0.0,0.0
1331,53.0,02/12/2020,,Cambodia,1.0,0.0,1.0
1332,60.0,02/12/2020,"London, ON",Canada,1.0,0.0,1.0
1333,56.0,02/12/2020,,Finland,1.0,0.0,1.0
1334,28.0,02/12/2020,Tibet,China,1.0,0.0,1.0
1335,44.0,02/12/2020,,Nepal,1.0,0.0,1.0
1336,54.0,02/12/2020,,Sri Lanka,1.0,0.0,1.0
1337,64.0,02/12/2020,,Sweden,1.0,0.0,0.0
1338,68.0,02/12/2020,"Boston, MA",US,1.0,0.0,0.0
1339,49.0,02/12/2020,"Los Angeles, CA",US,1.0,0.0,0.0
1340,71.0,02/12/2020,"Madison, WI",US,1.0,0.0,0.0
1341,48.0,02/12/2020,"Orange, CA",US,1.0,0.0,0.0
1342,73.0,02/12/2020,"San Diego, CA",US,1.0,0.0,0.0
1343,36.0,02/12/2020,"Seattle, WA",US,1.0,0.0,1.0
1344,38.0,02/12/2020,"Tempe, AZ",US,1.0,0.0,0.0
1345,13.0,02/13/2020,Hubei,China,51986.0,1426.0,4131.0
1346,6.0,02/13/2020,Guangdong,China,1261.0,2.0,332.0
1347,12.0,02/13/2020,Henan,China,1184.0,11.0,313.0
1348,31.0,02/13/2020,Zhejiang,China,1155.0,0.0,367.0
1349,14.0,02/13/2020,Hunan,China,988.0,2.0,352.0
1350,1.0,02/13/2020,Anhui,China,934.0,6.0,166.0
1351,17.0,02/13/2020,Jiangxi,China,900.0,1.0,187.0
1352,16.0,02/13/2020,Jiangsu,China,593.0,0.0,137.0
1353,3.0,02/13/2020,Chongqing,China,529.0,4.0,128.0
1354,23.0,02/13/2020,Shandong,China,519.0,2.0,111.0
1355,26.0,02/13/2020,Sichuan,China,463.0,1.0,105.0
1356,11.0,02/13/2020,Heilongjiang,China,418.0,11.0,37.0
1357,2.0,02/13/2020,Beijing,China,366.0,3.0,69.0
1358,24.0,02/13/2020,Shanghai,China,318.0,1.0,62.0
1359,10.0,02/13/2020,Hebei,China,283.0,3.0,69.0
1360,4.0,02/13/2020,Fujian,China,281.0,0.0,59.0
1361,22.0,02/13/2020,Shaanxi,China,229.0,0.0,46.0
1362,7.0,02/13/2020,Guangxi,China,226.0,2.0,35.0
1363,72.0,02/13/2020,Diamond Princess cruise ship,Others,218.0,0.0,0.0
1364,9.0,02/13/2020,Hainan,China,158.0,4.0,30.0
1365,30.0,02/13/2020,Yunnan,China,156.0,0.0,27.0
1366,8.0,02/13/2020,Guizhou,China,140.0,1.0,28.0
1367,25.0,02/13/2020,Shanxi,China,126.0,0.0,36.0
1368,27.0,02/13/2020,Tianjin,China,119.0,3.0,21.0
1369,19.0,02/13/2020,Liaoning,China,117.0,1.0,22.0
1370,5.0,02/13/2020,Gansu,China,90.0,2.0,39.0
1371,18.0,02/13/2020,Jilin,China,86.0,1.0,25.0
1372,20.0,02/13/2020,Ningxia,China,67.0,0.0,24.0
1373,15.0,02/13/2020,Inner Mongolia,China,65.0,0.0,6.0
1374,29.0,02/13/2020,Xinjiang,China,65.0,1.0,6.0
1375,41.0,02/13/2020,,Singapore,58.0,0.0,15.0
1376,40.0,02/13/2020,Hong Kong,China,53.0,1.0,1.0
1377,32.0,02/13/2020,,Thailand,33.0,0.0,12.0
1378,33.0,02/13/2020,,Japan,28.0,1.0,9.0
1379,34.0,02/13/2020,,South Korea,28.0,0.0,7.0
1380,45.0,02/13/2020,,Malaysia,19.0,0.0,3.0
1381,21.0,02/13/2020,Qinghai,China,18.0,0.0,11.0
1382,35.0,02/13/2020,Taiwan,Taiwan,18.0,0.0,1.0
1383,55.0,02/13/2020,,Germany,16.0,0.0,1.0
1384,42.0,02/13/2020,,Vietnam,16.0,0.0,7.0
1385,43.0,02/13/2020,,France,11.0,0.0,2.0
1386,39.0,02/13/2020,Macau,China,10.0,0.0,3.0
1387,62.0,02/13/2020,,UK,9.0,0.0,1.0
1388,57.0,02/13/2020,,United Arab Emirates,8.0,0.0,1.0
1389,52.0,02/13/2020,Queensland,Australia,5.0,0.0,0.0
1390,50.0,02/13/2020,New South Wales,Australia,4.0,0.0,4.0
1391,51.0,02/13/2020,"Victoria, BC",Australia,4.0,0.0,4.0
1392,47.0,02/13/2020,British Columbia,Canada,4.0,0.0,0.0
1393,59.0,02/13/2020,,India,3.0,0.0,0.0
1394,61.0,02/13/2020,,Italy,3.0,0.0,0.0
1395,58.0,02/13/2020,,Philippines,3.0,1.0,1.0
1396,67.0,02/13/2020,South Australia,Australia,2.0,0.0,0.0
1397,46.0,02/13/2020,"Toronto, ON",Canada,2.0,0.0,0.0
1398,63.0,02/13/2020,,Russia,2.0,0.0,2.0
1399,66.0,02/13/2020,,Spain,2.0,0.0,0.0
1400,37.0,02/13/2020,"Chicago, IL",US,2.0,0.0,2.0
1401,69.0,02/13/2020,"San Benito, CA",US,2.0,0.0,0.0
1402,73.0,02/13/2020,"San Diego, CA",US,2.0,0.0,0.0
1403,65.0,02/13/2020,"Santa Clara, CA",US,2.0,0.0,0.0
1404,70.0,02/13/2020,,Belgium,1.0,0.0,0.0
1405,53.0,02/13/2020,,Cambodia,1.0,0.0,1.0
1406,60.0,02/13/2020,"London, ON",Canada,1.0,0.0,1.0
1407,56.0,02/13/2020,,Finland,1.0,0.0,1.0
1408,28.0,02/13/2020,Tibet,China,1.0,0.0,1.0
1409,44.0,02/13/2020,,Nepal,1.0,0.0,1.0
1410,54.0,02/13/2020,,Sri Lanka,1.0,0.0,1.0
1411,64.0,02/13/2020,,Sweden,1.0,0.0,0.0
1412,68.0,02/13/2020,"Boston, MA",US,1.0,0.0,0.0
1413,49.0,02/13/2020,"Los Angeles, CA",US,1.0,0.0,0.0
1414,71.0,02/13/2020,"Madison, WI",US,1.0,0.0,0.0
1415,48.0,02/13/2020,"Orange, CA",US,1.0,0.0,0.0
1416,74.0,02/13/2020,"San Antonio, TX",US,1.0,0.0,0.0
1417,36.0,02/13/2020,"Seattle, WA",US,1.0,0.0,1.0
1418,38.0,02/13/2020,"Tempe, AZ",US,1.0,0.0,0.0
1419,13.0,02/14/2020,Hubei,China,54406.0,1457.0,4774.0
1420,6.0,02/14/2020,Guangdong,China,1261.0,2.0,362.0
1421,12.0,02/14/2020,Henan,China,1184.0,11.0,357.0
1422,31.0,02/14/2020,Zhejiang,China,1155.0,0.0,403.0
1423,14.0,02/14/2020,Hunan,China,988.0,2.0,364.0
1424,1.0,02/14/2020,Anhui,China,934.0,6.0,193.0
1425,17.0,02/14/2020,Jiangxi,China,900.0,1.0,187.0
1426,16.0,02/14/2020,Jiangsu,China,593.0,0.0,157.0
1427,3.0,02/14/2020,Chongqing,China,537.0,5.0,152.0
1428,23.0,02/14/2020,Shandong,China,523.0,2.0,136.0
1429,26.0,02/14/2020,Sichuan,China,463.0,1.0,114.0
1430,11.0,02/14/2020,Heilongjiang,China,419.0,11.0,47.0
1431,2.0,02/14/2020,Beijing,China,372.0,3.0,80.0
1432,24.0,02/14/2020,Shanghai,China,318.0,1.0,90.0
1433,10.0,02/14/2020,Hebei,China,283.0,3.0,87.0
1434,4.0,02/14/2020,Fujian,China,281.0,0.0,63.0
1435,22.0,02/14/2020,Shaanxi,China,230.0,0.0,54.0
1436,7.0,02/14/2020,Guangxi,China,226.0,2.0,36.0
1437,72.0,02/14/2020,Diamond Princess cruise ship,Others,218.0,0.0,0.0
1438,30.0,02/14/2020,Yunnan,China,162.0,0.0,36.0
1439,9.0,02/14/2020,Hainan,China,159.0,4.0,43.0
1440,8.0,02/14/2020,Guizhou,China,140.0,1.0,28.0
1441,25.0,02/14/2020,Shanxi,China,127.0,0.0,38.0
1442,27.0,02/14/2020,Tianjin,China,120.0,3.0,31.0
1443,19.0,02/14/2020,Liaoning,China,119.0,1.0,29.0
1444,5.0,02/14/2020,Gansu,China,90.0,2.0,39.0
1445,18.0,02/14/2020,Jilin,China,86.0,1.0,25.0
1446,20.0,02/14/2020,Ningxia,China,67.0,0.0,24.0
1447,41.0,02/14/2020,,Singapore,67.0,0.0,17.0
1448,15.0,02/14/2020,Inner Mongolia,China,65.0,0.0,6.0
1449,29.0,02/14/2020,Xinjiang,China,65.0,1.0,6.0
1450,40.0,02/14/2020,Hong Kong,China,56.0,1.0,1.0
1451,32.0,02/14/2020,,Thailand,33.0,0.0,12.0
1452,33.0,02/14/2020,,Japan,29.0,1.0,9.0
1453,34.0,02/14/2020,,South Korea,28.0,0.0,7.0
1454,45.0,02/14/2020,,Malaysia,19.0,0.0,3.0
1455,21.0,02/14/2020,Qinghai,China,18.0,0.0,11.0
1456,35.0,02/14/2020,Taiwan,Taiwan,18.0,0.0,2.0
1457,55.0,02/14/2020,,Germany,16.0,0.0,1.0
1458,42.0,02/14/2020,,Vietnam,16.0,0.0,7.0
1459,43.0,02/14/2020,,France,11.0,0.0,2.0
1460,39.0,02/14/2020,Macau,China,10.0,0.0,3.0
1461,62.0,02/14/2020,,UK,9.0,0.0,1.0
1462,57.0,02/14/2020,,United Arab Emirates,8.0,0.0,1.0
1463,52.0,02/14/2020,Queensland,Australia,5.0,0.0,0.0
1464,50.0,02/14/2020,New South Wales,Australia,4.0,0.0,4.0
1465,51.0,02/14/2020,"Victoria, BC",Australia,4.0,0.0,4.0
1466,47.0,02/14/2020,British Columbia,Canada,4.0,0.0,0.0
1467,59.0,02/14/2020,,India,3.0,0.0,0.0
1468,61.0,02/14/2020,,Italy,3.0,0.0,0.0
1469,58.0,02/14/2020,,Philippines,3.0,1.0,1.0
1470,67.0,02/14/2020,South Australia,Australia,2.0,0.0,0.0
1471,46.0,02/14/2020,"Toronto, ON",Canada,2.0,0.0,0.0
1472,63.0,02/14/2020,,Russia,2.0,0.0,2.0
1473,66.0,02/14/2020,,Spain,2.0,0.0,0.0
1474,37.0,02/14/2020,"Chicago, IL",US,2.0,0.0,2.0
1475,69.0,02/14/2020,"San Benito, CA",US,2.0,0.0,0.0
1476,73.0,02/14/2020,"San Diego, CA",US,2.0,0.0,0.0
1477,65.0,02/14/2020,"Santa Clara, CA",US,2.0,0.0,0.0
1478,70.0,02/14/2020,,Belgium,1.0,0.0,0.0
1479,53.0,02/14/2020,,Cambodia,1.0,0.0,1.0
1480,60.0,02/14/2020,"London, ON",Canada,1.0,0.0,1.0
1481,75.0,02/14/2020,,Egypt,1.0,0.0,0.0
1482,56.0,02/14/2020,,Finland,1.0,0.0,1.0
1483,28.0,02/14/2020,Tibet,China,1.0,0.0,1.0
1484,44.0,02/14/2020,,Nepal,1.0,0.0,1.0
1485,54.0,02/14/2020,,Sri Lanka,1.0,0.0,1.0
1486,64.0,02/14/2020,,Sweden,1.0,0.0,0.0
1487,68.0,02/14/2020,"Boston, MA",US,1.0,0.0,0.0
1488,49.0,02/14/2020,"Los Angeles, CA",US,1.0,0.0,0.0
1489,71.0,02/14/2020,"Madison, WI",US,1.0,0.0,0.0
1490,48.0,02/14/2020,"Orange, CA",US,1.0,0.0,0.0
1491,74.0,02/14/2020,"San Antonio, TX",US,1.0,0.0,0.0
1492,36.0,02/14/2020,"Seattle, WA",US,1.0,0.0,1.0
1493,38.0,02/14/2020,"Tempe, AZ",US,1.0,0.0,0.0
1494,13.0,02/15/2020,Hubei,China,56249.0,1596.0,5623.0
1495,6.0,02/15/2020,Guangdong,China,1294.0,2.0,410.0
1496,12.0,02/15/2020,Henan,China,1212.0,13.0,391.0
1497,31.0,02/15/2020,Zhejiang,China,1162.0,0.0,428.0
1498,14.0,02/15/2020,Hunan,China,1001.0,2.0,425.0
1499,1.0,02/15/2020,Anhui,China,950.0,6.0,221.0
1500,17.0,02/15/2020,Jiangxi,China,913.0,1.0,210.0
1501,16.0,02/15/2020,Jiangsu,China,604.0,0.0,186.0
1502,3.0,02/15/2020,Chongqing,China,544.0,5.0,184.0
1503,23.0,02/15/2020,Shandong,China,532.0,2.0,156.0
1504,26.0,02/15/2020,Sichuan,China,470.0,1.0,119.0
1505,11.0,02/15/2020,Heilongjiang,China,425.0,11.0,68.0
1506,2.0,02/15/2020,Beijing,China,375.0,4.0,98.0
1507,24.0,02/15/2020,Shanghai,China,326.0,1.0,124.0
1508,10.0,02/15/2020,Hebei,China,291.0,3.0,101.0
1509,4.0,02/15/2020,Fujian,China,285.0,0.0,71.0
1510,72.0,02/15/2020,Diamond Princess cruise ship,Others,285.0,0.0,0.0
1511,7.0,02/15/2020,Guangxi,China,235.0,2.0,44.0
1512,22.0,02/15/2020,Shaanxi,China,232.0,0.0,60.0
1513,30.0,02/15/2020,Yunnan,China,168.0,0.0,42.0
1514,9.0,02/15/2020,Hainan,China,162.0,4.0,39.0
1515,8.0,02/15/2020,Guizhou,China,143.0,1.0,41.0
1516,25.0,02/15/2020,Shanxi,China,128.0,0.0,46.0
1517,27.0,02/15/2020,Tianjin,China,122.0,3.0,37.0
1518,19.0,02/15/2020,Liaoning,China,119.0,1.0,31.0
1519,5.0,02/15/2020,Gansu,China,90.0,2.0,49.0
1520,18.0,02/15/2020,Jilin,China,88.0,1.0,26.0
1521,41.0,02/15/2020,,Singapore,72.0,0.0,18.0
1522,20.0,02/15/2020,Ningxia,China,70.0,0.0,33.0
1523,29.0,02/15/2020,Xinjiang,China,70.0,1.0,10.0
1524,15.0,02/15/2020,Inner Mongolia,China,68.0,0.0,7.0
1525,40.0,02/15/2020,Hong Kong,China,56.0,1.0,1.0
1526,33.0,02/15/2020,,Japan,43.0,1.0,12.0
1527,32.0,02/15/2020,,Thailand,33.0,0.0,12.0
1528,34.0,02/15/2020,,South Korea,28.0,0.0,9.0
1529,45.0,02/15/2020,,Malaysia,22.0,0.0,7.0
1530,21.0,02/15/2020,Qinghai,China,18.0,0.0,13.0
1531,35.0,02/15/2020,Taiwan,Taiwan,18.0,0.0,2.0
1532,55.0,02/15/2020,,Germany,16.0,0.0,1.0
1533,42.0,02/15/2020,,Vietnam,16.0,0.0,7.0
1534,43.0,02/15/2020,,France,12.0,1.0,4.0
1535,39.0,02/15/2020,Macau,China,10.0,0.0,3.0
1536,62.0,02/15/2020,,UK,9.0,0.0,1.0
1537,57.0,02/15/2020,,United Arab Emirates,8.0,0.0,3.0
1538,52.0,02/15/2020,Queensland,Australia,5.0,0.0,0.0
1539,50.0,02/15/2020,New South Wales,Australia,4.0,0.0,4.0
1540,51.0,02/15/2020,"Victoria, BC",Australia,4.0,0.0,4.0
1541,47.0,02/15/2020,British Columbia,Canada,4.0,0.0,0.0
1542,59.0,02/15/2020,,India,3.0,0.0,0.0
1543,61.0,02/15/2020,,Italy,3.0,0.0,0.0
1544,58.0,02/15/2020,,Philippines,3.0,1.0,1.0
1545,67.0,02/15/2020,South Australia,Australia,2.0,0.0,0.0
1546,46.0,02/15/2020,"Toronto, ON",Canada,2.0,0.0,0.0
1547,63.0,02/15/2020,,Russia,2.0,0.0,2.0
1548,66.0,02/15/2020,,Spain,2.0,0.0,2.0
1549,37.0,02/15/2020,"Chicago, IL",US,2.0,0.0,2.0
1550,69.0,02/15/2020,"San Benito, CA",US,2.0,0.0,0.0
1551,73.0,02/15/2020,"San Diego, CA",US,2.0,0.0,0.0
1552,65.0,02/15/2020,"Santa Clara, CA",US,2.0,0.0,0.0
1553,70.0,02/15/2020,,Belgium,1.0,0.0,0.0
1554,53.0,02/15/2020,,Cambodia,1.0,0.0,1.0
1555,60.0,02/15/2020,"London, ON",Canada,1.0,0.0,1.0
1556,75.0,02/15/2020,,Egypt,1.0,0.0,0.0
1557,56.0,02/15/2020,,Finland,1.0,0.0,1.0
1558,28.0,02/15/2020,Tibet,China,1.0,0.0,1.0
1559,44.0,02/15/2020,,Nepal,1.0,0.0,1.0
1560,54.0,02/15/2020,,Sri Lanka,1.0,0.0,1.0
1561,64.0,02/15/2020,,Sweden,1.0,0.0,0.0
1562,68.0,02/15/2020,"Boston, MA",US,1.0,0.0,0.0
1563,49.0,02/15/2020,"Los Angeles, CA",US,1.0,0.0,0.0
1564,71.0,02/15/2020,"Madison, WI",US,1.0,0.0,0.0
1565,48.0,02/15/2020,"Orange, CA",US,1.0,0.0,0.0
1566,74.0,02/15/2020,"San Antonio, TX",US,1.0,0.0,0.0
1567,36.0,02/15/2020,"Seattle, WA",US,1.0,0.0,1.0
1568,38.0,02/15/2020,"Tempe, AZ",US,1.0,0.0,0.0
1569,13.0,02/16/2020,Hubei,China,58182.0,1696.0,6639.0
1570,6.0,02/16/2020,Guangdong,China,1316.0,2.0,465.0
1571,12.0,02/16/2020,Henan,China,1231.0,13.0,440.0
1572,31.0,02/16/2020,Zhejiang,China,1167.0,0.0,456.0
1573,14.0,02/16/2020,Hunan,China,1004.0,3.0,464.0
1574,1.0,02/16/2020,Anhui,China,962.0,6.0,255.0
1575,17.0,02/16/2020,Jiangxi,China,925.0,1.0,240.0
1576,16.0,02/16/2020,Jiangsu,China,617.0,0.0,218.0
1577,3.0,02/16/2020,Chongqing,China,551.0,5.0,207.0
1578,23.0,02/16/2020,Shandong,China,537.0,2.0,173.0
1579,26.0,02/16/2020,Sichuan,China,481.0,3.0,131.0
1580,11.0,02/16/2020,Heilongjiang,China,445.0,11.0,79.0
1581,2.0,02/16/2020,Beijing,China,380.0,4.0,108.0
1582,72.0,02/16/2020,Diamond Princess cruise ship,Others,355.0,0.0,0.0
1583,24.0,02/16/2020,Shanghai,China,328.0,1.0,140.0
1584,10.0,02/16/2020,Hebei,China,300.0,3.0,105.0
1585,4.0,02/16/2020,Fujian,China,287.0,0.0,82.0
1586,7.0,02/16/2020,Guangxi,China,237.0,2.0,49.0
1587,22.0,02/16/2020,Shaanxi,China,236.0,0.0,71.0
1588,30.0,02/16/2020,Yunnan,China,171.0,0.0,42.0
1589,9.0,02/16/2020,Hainan,China,162.0,4.0,52.0
1590,8.0,02/16/2020,Guizhou,China,144.0,1.0,46.0
1591,25.0,02/16/2020,Shanxi,China,129.0,0.0,50.0
1592,27.0,02/16/2020,Tianjin,China,124.0,3.0,45.0
1593,19.0,02/16/2020,Liaoning,China,121.0,1.0,40.0
1594,5.0,02/16/2020,Gansu,China,90.0,2.0,54.0
1595,18.0,02/16/2020,Jilin,China,89.0,1.0,30.0
1596,41.0,02/16/2020,,Singapore,75.0,0.0,18.0
1597,29.0,02/16/2020,Xinjiang,China,71.0,1.0,12.0
1598,15.0,02/16/2020,Inner Mongolia,China,70.0,0.0,8.0
1599,20.0,02/16/2020,Ningxia,China,70.0,0.0,33.0
1600,33.0,02/16/2020,,Japan,59.0,1.0,12.0
1601,40.0,02/16/2020,Hong Kong,China,57.0,1.0,2.0
1602,32.0,02/16/2020,,Thailand,34.0,0.0,14.0
1603,34.0,02/16/2020,,South Korea,29.0,0.0,9.0
1604,45.0,02/16/2020,,Malaysia,22.0,0.0,7.0
1605,35.0,02/16/2020,Taiwan,Taiwan,20.0,1.0,2.0
1606,21.0,02/16/2020,Qinghai,China,18.0,0.0,13.0
1607,55.0,02/16/2020,,Germany,16.0,0.0,1.0
1608,42.0,02/16/2020,,Vietnam,16.0,0.0,7.0
1609,43.0,02/16/2020,,France,12.0,1.0,4.0
1610,39.0,02/16/2020,Macau,China,10.0,0.0,5.0
1611,62.0,02/16/2020,,UK,9.0,0.0,8.0
1612,57.0,02/16/2020,,United Arab Emirates,9.0,0.0,4.0
1613,52.0,02/16/2020,Queensland,Australia,5.0,0.0,0.0
1614,50.0,02/16/2020,New South Wales,Australia,4.0,0.0,4.0
1615,51.0,02/16/2020,"Victoria, BC",Australia,4.0,0.0,4.0
1616,47.0,02/16/2020,British Columbia,Canada,4.0,0.0,0.0
1617,59.0,02/16/2020,,India,3.0,0.0,3.0
1618,61.0,02/16/2020,,Italy,3.0,0.0,0.0
1619,58.0,02/16/2020,,Philippines,3.0,1.0,1.0
1620,67.0,02/16/2020,South Australia,Australia,2.0,0.0,0.0
1621,46.0,02/16/2020,"Toronto, ON",Canada,2.0,0.0,0.0
1622,63.0,02/16/2020,,Russia,2.0,0.0,2.0
1623,66.0,02/16/2020,,Spain,2.0,0.0,2.0
1624,37.0,02/16/2020,"Chicago, IL",US,2.0,0.0,2.0
1625,69.0,02/16/2020,"San Benito, CA",US,2.0,0.0,0.0
1626,73.0,02/16/2020,"San Diego, CA",US,2.0,0.0,0.0
1627,65.0,02/16/2020,"Santa Clara, CA",US,2.0,0.0,0.0
1628,70.0,02/16/2020,,Belgium,1.0,0.0,0.0
1629,53.0,02/16/2020,,Cambodia,1.0,0.0,1.0
1630,60.0,02/16/2020,"London, ON",Canada,1.0,0.0,1.0
1631,75.0,02/16/2020,,Egypt,1.0,0.0,0.0
1632,56.0,02/16/2020,,Finland,1.0,0.0,1.0
1633,28.0,02/16/2020,Tibet,China,1.0,0.0,1.0
1634,44.0,02/16/2020,,Nepal,1.0,0.0,1.0
1635,54.0,02/16/2020,,Sri Lanka,1.0,0.0,1.0
1636,64.0,02/16/2020,,Sweden,1.0,0.0,0.0
1637,68.0,02/16/2020,"Boston, MA",US,1.0,0.0,0.0
1638,49.0,02/16/2020,"Los Angeles, CA",US,1.0,0.0,0.0
1639,71.0,02/16/2020,"Madison, WI",US,1.0,0.0,0.0
1640,48.0,02/16/2020,"Orange, CA",US,1.0,0.0,0.0
1641,74.0,02/16/2020,"San Antonio, TX",US,1.0,0.0,0.0
1642,36.0,02/16/2020,"Seattle, WA",US,1.0,0.0,1.0
1643,38.0,02/16/2020,"Tempe, AZ",US,1.0,0.0,0.0
1644,13.0,02/17/2020,Hubei,China,59989.0,1789.0,7862.0
1645,6.0,02/17/2020,Guangdong,China,1322.0,4.0,524.0
1646,12.0,02/17/2020,Henan,China,1246.0,16.0,509.0
1647,31.0,02/17/2020,Zhejiang,China,1171.0,0.0,507.0
1648,14.0,02/17/2020,Hunan,China,1006.0,3.0,498.0
1649,1.0,02/17/2020,Anhui,China,973.0,6.0,280.0
1650,17.0,02/17/2020,Jiangxi,China,930.0,1.0,275.0
1651,16.0,02/17/2020,Jiangsu,China,626.0,0.0,258.0
1652,3.0,02/17/2020,Chongqing,China,553.0,5.0,225.0
1653,23.0,02/17/2020,Shandong,China,541.0,2.0,191.0
1654,26.0,02/17/2020,Sichuan,China,495.0,3.0,156.0
1655,11.0,02/17/2020,Heilongjiang,China,457.0,11.0,85.0
1656,72.0,02/17/2020,Diamond Princess cruise ship,Others,454.0,0.0,0.0
1657,2.0,02/17/2020,Beijing,China,381.0,4.0,114.0
1658,24.0,02/17/2020,Shanghai,China,333.0,1.0,161.0
1659,10.0,02/17/2020,Hebei,China,301.0,3.0,122.0
1660,4.0,02/17/2020,Fujian,China,290.0,0.0,90.0
1661,22.0,02/17/2020,Shaanxi,China,240.0,0.0,79.0
1662,7.0,02/17/2020,Guangxi,China,238.0,2.0,53.0
1663,30.0,02/17/2020,Yunnan,China,171.0,0.0,47.0
1664,9.0,02/17/2020,Hainan,China,163.0,4.0,59.0
1665,8.0,02/17/2020,Guizhou,China,146.0,1.0,57.0
1666,25.0,02/17/2020,Shanxi,China,130.0,0.0,53.0
1667,27.0,02/17/2020,Tianjin,China,125.0,3.0,46.0
1668,19.0,02/17/2020,Liaoning,China,121.0,1.0,43.0
1669,5.0,02/17/2020,Gansu,China,91.0,2.0,58.0
1670,18.0,02/17/2020,Jilin,China,89.0,1.0,34.0
1671,41.0,02/17/2020,,Singapore,77.0,0.0,24.0
1672,29.0,02/17/2020,Xinjiang,China,75.0,1.0,12.0
1673,15.0,02/17/2020,Inner Mongolia,China,72.0,0.0,8.0
1674,20.0,02/17/2020,Ningxia,China,70.0,0.0,35.0
1675,33.0,02/17/2020,,Japan,66.0,1.0,12.0
1676,40.0,02/17/2020,Hong Kong,China,60.0,1.0,2.0
1677,32.0,02/17/2020,,Thailand,35.0,0.0,15.0
1678,34.0,02/17/2020,,South Korea,30.0,0.0,10.0
1679,45.0,02/17/2020,,Malaysia,22.0,0.0,7.0
1680,35.0,02/17/2020,Taiwan,Taiwan,22.0,1.0,2.0
1681,21.0,02/17/2020,Qinghai,China,18.0,0.0,13.0
1682,55.0,02/17/2020,,Germany,16.0,0.0,1.0
1683,42.0,02/17/2020,,Vietnam,16.0,0.0,7.0
1684,43.0,02/17/2020,,France,12.0,1.0,4.0
1685,39.0,02/17/2020,Macau,China,10.0,0.0,5.0
1686,62.0,02/17/2020,,UK,9.0,0.0,8.0
1687,57.0,02/17/2020,,United Arab Emirates,9.0,0.0,4.0
1688,52.0,02/17/2020,Queensland,Australia,5.0,0.0,0.0
1689,47.0,02/17/2020,British Columbia,Canada,5.0,0.0,0.0
1690,50.0,02/17/2020,New South Wales,Australia,4.0,0.0,4.0
1691,51.0,02/17/2020,"Victoria, BC",Australia,4.0,0.0,4.0
1692,59.0,02/17/2020,,India,3.0,0.0,3.0
1693,61.0,02/17/2020,,Italy,3.0,0.0,0.0
1694,58.0,02/17/2020,,Philippines,3.0,1.0,1.0
1695,67.0,02/17/2020,South Australia,Australia,2.0,0.0,2.0
1696,46.0,02/17/2020,"Toronto, ON",Canada,2.0,0.0,0.0
1697,63.0,02/17/2020,,Russia,2.0,0.0,2.0
1698,66.0,02/17/2020,,Spain,2.0,0.0,2.0
1699,37.0,02/17/2020,"Chicago, IL",US,2.0,0.0,2.0
1700,69.0,02/17/2020,"San Benito, CA",US,2.0,0.0,0.0
1701,73.0,02/17/2020,"San Diego, CA",US,2.0,0.0,0.0
1702,65.0,02/17/2020,"Santa Clara, CA",US,2.0,0.0,0.0
1703,70.0,02/17/2020,,Belgium,1.0,0.0,1.0
1704,53.0,02/17/2020,,Cambodia,1.0,0.0,1.0
1705,60.0,02/17/2020,"London, ON",Canada,1.0,0.0,1.0
1706,75.0,02/17/2020,,Egypt,1.0,0.0,0.0
1707,56.0,02/17/2020,,Finland,1.0,0.0,1.0
1708,28.0,02/17/2020,Tibet,China,1.0,0.0,1.0
1709,44.0,02/17/2020,,Nepal,1.0,0.0,1.0
1710,54.0,02/17/2020,,Sri Lanka,1.0,0.0,1.0
1711,64.0,02/17/2020,,Sweden,1.0,0.0,0.0
1712,68.0,02/17/2020,"Boston, MA",US,1.0,0.0,0.0
1713,49.0,02/17/2020,"Los Angeles, CA",US,1.0,0.0,0.0
1714,71.0,02/17/2020,"Madison, WI",US,1.0,0.0,0.0
1715,48.0,02/17/2020,"Orange, CA",US,1.0,0.0,0.0
1716,74.0,02/17/2020,"San Antonio, TX",US,1.0,0.0,0.0
1717,36.0,02/17/2020,"Seattle, WA",US,1.0,0.0,1.0
1718,38.0,02/17/2020,"Tempe, AZ",US,1.0,0.0,0.0
